{
    "name": "am",
    "date_order": "DMY",
    "january": [
        "ጃንዩ",
        "ጃንዩወሪ"
    ],
    "february": [
        "ፌብሩ",
        "ፌብሩወሪ"
    ],
    "march": [
        "ማርች"
    ],
    "april": [
        "ኤፕሪ",
        "ኤፕሪል"
    ],
    "may": [
        "ሜይ"
    ],
    "june": [
        "ጁን"
    ],
    "july": [
        "ጁላይ"
    ],
    "august": [
        "ኦገስ",
        "ኦገስት"
    ],
    "september": [
        "ሴፕቴ",
        "ሴፕቴምበር"
    ],
    "october": [
        "ኦክቶ",
        "ኦክቶበር"
    ],
    "november": [
        "ኖቬም",
        "ኖቬምበር"
    ],
    "december": [
        "ዲሴም",
        "ዲሴምበር"
    ],
    "monday": [
        "ሰኞ"
    ],
    "tuesday": [
        "ማክሰ",
        "ማክሰኞ"
    ],
    "wednesday": [
        "ረቡዕ"
    ],
    "thursday": [
        "ሐሙስ"
    ],
    "friday": [
        "ዓርብ"
    ],
    "saturday": [
        "ቅዳሜ"
    ],
    "sunday": [
        "እሑድ"
    ],
    "am": [
        "ጥዋት"
    ],
    "pm": [
        "ከሰዓት"
    ],
    "year": [
        "ዓመት"
    ],
    "month": [
        "ወር"
    ],
    "week": [
        "ሳምንት"
    ],
    "day": [
        "ቀን"
    ],
    "hour": [
        "ሰዓት"
    ],
    "minute": [
        "ደቂቃ"
    ],
    "second": [
        "ሰከንድ"
    ],
    "relative-type": {
        "0 day ago": [
            "ዛሬ"
        ],
        "0 hour ago": [
            "ይህ ሰዓት"
        ],
        "0 minute ago": [
            "ይህ ደቂቃ"
        ],
        "0 month ago": [
            "በዚህ ወር"
        ],
        "0 second ago": [
            "አሁን"
        ],
        "0 week ago": [
            "በዚህ ሣምንት",
            "በዚህ ሳምንት"
        ],
        "0 year ago": [
            "በዚህ ዓመት"
        ],
        "1 day ago": [
            "ትላንትና",
            "ትናንት"
        ],
        "1 month ago": [
            "ያለፈው ወር"
        ],
        "1 week ago": [
            "ባለፈው ሳምንት",
            "ያለፈው ሳምንት"
        ],
        "1 year ago": [
            "ያለፈው ዓመት"
        ],
        "in 1 day": [
            "ነገ"
        ],
        "in 1 month": [
            "የሚቀጥለው ወር"
        ],
        "in 1 week": [
            "የሚቀጥለው ሳምንት"
        ],
        "in 1 year": [
            "የሚቀጥለው ዓመት"
        ]
    },
    "relative-type-regex": {
        "\\1 day ago": [
            "ከ {0} ቀን በፊት",
            "ከ{0} ቀናት በፊት",
            "ከ{0} ቀን በፊት",
            "ከ{0} ቀኖች በፊት"
        ],
        "\\1 hour ago": [
            "ከ{0} ሰዓት በፊት",
            "ከ{0} ሰዓቶች በፊት"
        ],
        "\\1 minute ago": [
            "ከ{0} ደቂቃ በፊት",
            "ከ{0} ደቂቃዎች በፊት"
        ],
        "\\1 month ago": [
            "ከ{0} ወራት በፊት",
            "ከ{0} ወር በፊት"
        ],
        "\\1 second ago": [
            "ከ{0} ሰከንድ በፊት",
            "ከ{0} ሰከንዶች በፊት"
        ],
        "\\1 week ago": [
            "ከ{0} ሳምንታት በፊት",
            "ከ{0} ሳምንት በፊት"
        ],
        "\\1 year ago": [
            "ከ{0} ዓመታት በፊት",
            "ከ{0} ዓመት በፊት"
        ],
        "in \\1 day": [
            "በ{0} ቀናት ውስጥ",
            "በ{0} ቀን ውስጥ",
            "በ{0} ቀኖች ውስጥ"
        ],
        "in \\1 hour": [
            "በ{0} ሰዓት ውስጥ",
            "በ{0} ሰዓቶች ውስጥ"
        ],
        "in \\1 minute": [
            "በ{0} ደቂቃ ውስጥ",
            "በ{0} ደቂቃዎች ውስጥ"
        ],
        "in \\1 month": [
            "በ{0} ወራት ውስጥ",
            "በ{0} ወር ውስጥ"
        ],
        "in \\1 second": [
            "በ{0} ሰከንድ ውስጥ",
            "በ{0} ሰከንዶች ውስጥ"
        ],
        "in \\1 week": [
            "በ{0} ሳምንታት ውስጥ",
            "በ{0} ሳምንት ውስጥ"
        ],
        "in \\1 year": [
            "በ{0} ዓመታት ውስጥ"
        ]
    },
    "locale_specific": {}
}