{
    "name": "ar",
    "date_order": "DMY",
    "january": [
        "يناير"
    ],
    "february": [
        "فبراير"
    ],
    "march": [
        "مارس"
    ],
    "april": [
        "أبريل"
    ],
    "may": [
        "مايو"
    ],
    "june": [
        "يونيو"
    ],
    "july": [
        "يوليو"
    ],
    "august": [
        "أغسطس"
    ],
    "september": [
        "سبتمبر"
    ],
    "october": [
        "أكتوبر"
    ],
    "november": [
        "نوفمبر"
    ],
    "december": [
        "ديسمبر"
    ],
    "monday": [
        "الاثنين"
    ],
    "tuesday": [
        "الثلاثاء"
    ],
    "wednesday": [
        "الأربعاء"
    ],
    "thursday": [
        "الخميس"
    ],
    "friday": [
        "الجمعة"
    ],
    "saturday": [
        "السبت"
    ],
    "sunday": [
        "الأحد"
    ],
    "am": [
        "ص",
        "صباحًا"
    ],
    "pm": [
        "م",
        "مساءً"
    ],
    "year": [
        "السنة"
    ],
    "month": [
        "الشهر"
    ],
    "week": [
        "الأسبوع"
    ],
    "day": [
        "يوم"
    ],
    "hour": [
        "الساعات"
    ],
    "minute": [
        "الدقائق"
    ],
    "second": [
        "الثواني"
    ],
    "relative-type": {
        "0 day ago": [
            "اليوم"
        ],
        "0 hour ago": [
            "الساعة الحالية"
        ],
        "0 minute ago": [
            "هذه الدقيقة"
        ],
        "0 month ago": [
            "هذا الشهر"
        ],
        "0 second ago": [
            "الآن"
        ],
        "0 week ago": [
            "هذا الأسبوع"
        ],
        "0 year ago": [
            "السنة الحالية"
        ],
        "1 day ago": [
            "أمس"
        ],
        "1 month ago": [
            "الشهر الماضي"
        ],
        "1 week ago": [
            "الأسبوع الماضي"
        ],
        "1 year ago": [
            "السنة الماضية"
        ],
        "in 1 day": [
            "غدًا"
        ],
        "in 1 month": [
            "الشهر القادم"
        ],
        "in 1 week": [
            "الأسبوع القادم"
        ],
        "in 1 year": [
            "السنة القادمة"
        ]
    },
    "relative-type-regex": {
        "\\1 day ago": [
            "قبل {0} يوم"
        ],
        "\\1 hour ago": [
            "قبل {0} ساعة"
        ],
        "\\1 minute ago": [
            "قبل {0} دقيقة"
        ],
        "\\1 month ago": [
            "قبل {0} شهر"
        ],
        "\\1 second ago": [
            "قبل {0} ثانية"
        ],
        "\\1 week ago": [
            "قبل {0} أسبوع"
        ],
        "\\1 year ago": [
            "قبل {0} سنة"
        ],
        "in \\1 day": [
            "خلال {0} يوم"
        ],
        "in \\1 hour": [
            "خلال {0} ساعة"
        ],
        "in \\1 minute": [
            "خلال {0} دقيقة"
        ],
        "in \\1 month": [
            "خلال {0} شهر"
        ],
        "in \\1 second": [
            "خلال {0} ثانية"
        ],
        "in \\1 week": [
            "خلال {0} أسبوع"
        ],
        "in \\1 year": [
            "خلال {0} سنة"
        ]
    },
    "locale_specific": {
        "ar-AE": {
            "name": "ar-AE",
            "relative-type": {
                "0 year ago": [
                    "هذه السنة"
                ],
                "in 1 year": [
                    "السنة التالية"
                ]
            }
        },
        "ar-BH": {
            "name": "ar-BH"
        },
        "ar-DJ": {
            "name": "ar-DJ"
        },
        "ar-DZ": {
            "name": "ar-DZ",
            "january": [
                "جانفي"
            ],
            "february": [
                "فيفري"
            ],
            "april": [
                "أفريل"
            ],
            "may": [
                "ماي"
            ],
            "june": [
                "جوان"
            ],
            "july": [
                "جويلية"
            ],
            "august": [
                "أوت"
            ]
        },
        "ar-EG": {
            "name": "ar-EG"
        },
        "ar-EH": {
            "name": "ar-EH"
        },
        "ar-ER": {
            "name": "ar-ER"
        },
        "ar-IL": {
            "name": "ar-IL"
        },
        "ar-IQ": {
            "name": "ar-IQ",
            "january": [
                "كانون الثاني"
            ],
            "february": [
                "شباط"
            ],
            "march": [
                "آذار"
            ],
            "april": [
                "نيسان"
            ],
            "may": [
                "أيار"
            ],
            "june": [
                "حزيران"
            ],
            "july": [
                "تموز"
            ],
            "august": [
                "آب"
            ],
            "september": [
                "أيلول"
            ],
            "october": [
                "تشرين الأول",
                "تشرین الأول"
            ],
            "november": [
                "تشرين الثاني"
            ],
            "december": [
                "كانون الأول"
            ]
        },
        "ar-JO": {
            "name": "ar-JO",
            "january": [
                "كانون الثاني"
            ],
            "february": [
                "شباط"
            ],
            "march": [
                "آذار"
            ],
            "april": [
                "نيسان"
            ],
            "may": [
                "أيار"
            ],
            "june": [
                "حزيران"
            ],
            "july": [
                "تموز"
            ],
            "august": [
                "آب"
            ],
            "september": [
                "أيلول"
            ],
            "october": [
                "تشرين الأول"
            ],
            "november": [
                "تشرين الثاني"
            ],
            "december": [
                "كانون الأول"
            ]
        },
        "ar-KM": {
            "name": "ar-KM"
        },
        "ar-KW": {
            "name": "ar-KW"
        },
        "ar-LB": {
            "name": "ar-LB",
            "january": [
                "كانون الثاني"
            ],
            "february": [
                "شباط"
            ],
            "march": [
                "آذار"
            ],
            "april": [
                "نيسان"
            ],
            "may": [
                "أيار"
            ],
            "june": [
                "حزيران"
            ],
            "july": [
                "تموز"
            ],
            "august": [
                "آب"
            ],
            "september": [
                "أيلول"
            ],
            "october": [
                "تشرين الأول"
            ],
            "november": [
                "تشرين الثاني"
            ],
            "december": [
                "كانون الأول"
            ]
        },
        "ar-LY": {
            "name": "ar-LY"
        },
        "ar-MA": {
            "name": "ar-MA",
            "may": [
                "ماي"
            ],
            "july": [
                "يوليوز"
            ],
            "august": [
                "غشت"
            ],
            "september": [
                "شتنبر"
            ],
            "november": [
                "نونبر"
            ],
            "december": [
                "دجنبر"
            ]
        },
        "ar-MR": {
            "name": "ar-MR",
            "april": [
                "إبريل"
            ],
            "august": [
                "أغشت"
            ],
            "september": [
                "شتمبر"
            ],
            "december": [
                "دجمبر"
            ]
        },
        "ar-OM": {
            "name": "ar-OM"
        },
        "ar-PS": {
            "name": "ar-PS",
            "january": [
                "كانون الثاني"
            ],
            "february": [
                "شباط"
            ],
            "march": [
                "آذار"
            ],
            "april": [
                "نيسان"
            ],
            "may": [
                "أيار"
            ],
            "june": [
                "حزيران"
            ],
            "july": [
                "تموز"
            ],
            "august": [
                "آب"
            ],
            "september": [
                "أيلول"
            ],
            "october": [
                "تشرين الأول"
            ],
            "november": [
                "تشرين الثاني"
            ],
            "december": [
                "كانون الأول"
            ]
        },
        "ar-QA": {
            "name": "ar-QA"
        },
        "ar-SA": {
            "name": "ar-SA"
        },
        "ar-SD": {
            "name": "ar-SD"
        },
        "ar-SO": {
            "name": "ar-SO"
        },
        "ar-SS": {
            "name": "ar-SS"
        },
        "ar-SY": {
            "name": "ar-SY",
            "january": [
                "كانون الثاني"
            ],
            "february": [
                "شباط"
            ],
            "march": [
                "آذار"
            ],
            "april": [
                "نيسان"
            ],
            "may": [
                "أيار"
            ],
            "june": [
                "حزيران"
            ],
            "july": [
                "تموز"
            ],
            "august": [
                "آب"
            ],
            "september": [
                "أيلول"
            ],
            "october": [
                "تشرين الأول"
            ],
            "november": [
                "تشرين الثاني"
            ],
            "december": [
                "كانون الأول"
            ]
        },
        "ar-TD": {
            "name": "ar-TD"
        },
        "ar-TN": {
            "name": "ar-TN",
            "january": [
                "جانفي"
            ],
            "february": [
                "فيفري"
            ],
            "april": [
                "أفريل"
            ],
            "may": [
                "ماي"
            ],
            "june": [
                "جوان"
            ],
            "july": [
                "جويلية"
            ],
            "august": [
                "أوت"
            ]
        },
        "ar-YE": {
            "name": "ar-YE"
        }
    }
}