{
    "name": "be",
    "date_order": "DMY",
    "january": [
        "сту",
        "студзень",
        "студзеня"
    ],
    "february": [
        "лют",
        "лютага",
        "люты"
    ],
    "march": [
        "сак",
        "сакавік",
        "сакавіка"
    ],
    "april": [
        "кра",
        "красавік",
        "красавіка"
    ],
    "may": [
        "май",
        "мая"
    ],
    "june": [
        "чэр",
        "чэрвень",
        "чэрвеня"
    ],
    "july": [
        "ліп",
        "ліпень",
        "ліпеня"
    ],
    "august": [
        "жні",
        "жнівень",
        "жніўня"
    ],
    "september": [
        "вер",
        "верасень",
        "верасня"
    ],
    "october": [
        "кас",
        "кастрычнік",
        "кастрычніка"
    ],
    "november": [
        "ліс",
        "лістапад",
        "лістапада"
    ],
    "december": [
        "сне",
        "снежань",
        "снежня"
    ],
    "monday": [
        "панядзелак",
        "пн"
    ],
    "tuesday": [
        "аў",
        "аўторак"
    ],
    "wednesday": [
        "серада",
        "ср"
    ],
    "thursday": [
        "чацвер",
        "чц"
    ],
    "friday": [
        "пт",
        "пятніца"
    ],
    "saturday": [
        "сб",
        "субота"
    ],
    "sunday": [
        "нд",
        "нядзеля"
    ],
    "am": [
        "am"
    ],
    "pm": [
        "pm"
    ],
    "year": [
        "г",
        "год"
    ],
    "month": [
        "мес",
        "месяц"
    ],
    "week": [
        "тыд"
    ],
    "day": [
        "д",
        "дзень"
    ],
    "hour": [
        "гадз",
        "гадзіна"
    ],
    "minute": [
        "хв",
        "хвіліна"
    ],
    "second": [
        "с",
        "секунда"
    ],
    "relative-type": {
        "0 day ago": [
            "сёння"
        ],
        "0 hour ago": [
            "у гэту гадзіну"
        ],
        "0 minute ago": [
            "у гэту хвіліну"
        ],
        "0 month ago": [
            "у гэтым месяцы"
        ],
        "0 second ago": [
            "цяпер"
        ],
        "0 week ago": [
            "на гэтым тыдні"
        ],
        "0 year ago": [
            "у гэтым годзе"
        ],
        "1 day ago": [
            "учора"
        ],
        "1 month ago": [
            "у мінулым месяцы"
        ],
        "1 week ago": [
            "на мінулым тыдні"
        ],
        "1 year ago": [
            "у мінулым годзе"
        ],
        "in 1 day": [
            "заўтра"
        ],
        "in 1 month": [
            "у наступным месяцы"
        ],
        "in 1 week": [
            "на наступным тыдні"
        ],
        "in 1 year": [
            "у наступным годзе"
        ]
    },
    "relative-type-regex": {
        "\\1 day ago": [
            "{0} д таму",
            "{0} дзень таму",
            "{0} дня таму"
        ],
        "\\1 hour ago": [
            "{0} гадз таму",
            "{0} гадзіну таму",
            "{0} гадзіны таму"
        ],
        "\\1 minute ago": [
            "{0} хв таму",
            "{0} хвіліну таму",
            "{0} хвіліны таму"
        ],
        "\\1 month ago": [
            "{0} мес таму",
            "{0} месяц таму",
            "{0} месяца таму"
        ],
        "\\1 second ago": [
            "{0} с таму",
            "{0} секунду таму",
            "{0} секунды таму"
        ],
        "\\1 week ago": [
            "{0} тыд таму",
            "{0} тыдзень таму",
            "{0} тыдня таму"
        ],
        "\\1 year ago": [
            "{0} г таму",
            "{0} год таму",
            "{0} года таму"
        ],
        "in \\1 day": [
            "праз {0} д",
            "праз {0} дзень",
            "праз {0} дня"
        ],
        "in \\1 hour": [
            "праз {0} гадз",
            "праз {0} гадзіну",
            "праз {0} гадзіны"
        ],
        "in \\1 minute": [
            "праз {0} хв",
            "праз {0} хвіліну",
            "праз {0} хвіліны"
        ],
        "in \\1 month": [
            "праз {0} мес",
            "праз {0} месяц",
            "праз {0} месяца"
        ],
        "in \\1 second": [
            "праз {0} с",
            "праз {0} секунду",
            "праз {0} секунды"
        ],
        "in \\1 week": [
            "праз {0} тыд",
            "праз {0} тыдзень",
            "праз {0} тыдня"
        ],
        "in \\1 year": [
            "праз {0} г",
            "праз {0} год",
            "праз {0} года"
        ]
    },
    "locale_specific": {}
}