{
    "name": "bg",
    "date_order": "DMY",
    "january": [
        "яну",
        "януари"
    ],
    "february": [
        "фев",
        "февруари"
    ],
    "march": [
        "март"
    ],
    "april": [
        "апр",
        "април"
    ],
    "may": [
        "май"
    ],
    "june": [
        "юни"
    ],
    "july": [
        "юли"
    ],
    "august": [
        "авг",
        "август"
    ],
    "september": [
        "сеп",
        "септември"
    ],
    "october": [
        "окт",
        "октомври"
    ],
    "november": [
        "ное",
        "ноември"
    ],
    "december": [
        "дек",
        "декември"
    ],
    "monday": [
        "пн",
        "понеделник"
    ],
    "tuesday": [
        "вт",
        "вторник"
    ],
    "wednesday": [
        "ср",
        "сряда"
    ],
    "thursday": [
        "четвъртък",
        "чт"
    ],
    "friday": [
        "петък",
        "пт"
    ],
    "saturday": [
        "сб",
        "събота"
    ],
    "sunday": [
        "нд",
        "неделя"
    ],
    "am": [
        "am",
        "проб"
    ],
    "pm": [
        "pm",
        "слоб"
    ],
    "year": [
        "г",
        "година"
    ],
    "month": [
        "м",
        "месец"
    ],
    "week": [
        "седм",
        "седмица"
    ],
    "day": [
        "д",
        "ден"
    ],
    "hour": [
        "ч",
        "час"
    ],
    "minute": [
        "мин",
        "минута"
    ],
    "second": [
        "с",
        "секунда"
    ],
    "relative-type": {
        "0 day ago": [
            "днес"
        ],
        "0 hour ago": [
            "в този час"
        ],
        "0 minute ago": [
            "в тази минута"
        ],
        "0 month ago": [
            "т м",
            "този мес",
            "този месец"
        ],
        "0 second ago": [
            "сега"
        ],
        "0 week ago": [
            "тази седм",
            "тази седмица"
        ],
        "0 year ago": [
            "т г",
            "тази година"
        ],
        "1 day ago": [
            "вчера"
        ],
        "1 month ago": [
            "мин м",
            "мин мес",
            "предходен месец"
        ],
        "1 week ago": [
            "мин седм",
            "миналата седмица",
            "предходната седмица"
        ],
        "1 year ago": [
            "мин г",
            "миналата година"
        ],
        "in 1 day": [
            "утре"
        ],
        "in 1 month": [
            "сл м",
            "следв мес",
            "следващ месец"
        ],
        "in 1 week": [
            "сл седм",
            "следв седм",
            "следващата седмица"
        ],
        "in 1 year": [
            "сл г",
            "следв г",
            "следващата година"
        ]
    },
    "relative-type-regex": {
        "\\1 day ago": [
            "пр {0} д",
            "преди {0} ден",
            "преди {0} дни"
        ],
        "\\1 hour ago": [
            "пр {0} ч",
            "преди {0} ч",
            "преди {0} час",
            "преди {0} часа"
        ],
        "\\1 minute ago": [
            "пр {0} мин",
            "преди {0} мин",
            "преди {0} минута",
            "преди {0} минути"
        ],
        "\\1 month ago": [
            "пр {0} м",
            "преди {0} м",
            "преди {0} месец",
            "преди {0} месеца"
        ],
        "\\1 second ago": [
            "пр {0} сек",
            "преди {0} сек",
            "преди {0} секунда",
            "преди {0} секунди"
        ],
        "\\1 week ago": [
            "пр {0} седм",
            "преди {0} седм",
            "преди {0} седмица",
            "преди {0} седмици"
        ],
        "\\1 year ago": [
            "пр {0} г",
            "преди {0} г",
            "преди {0} година",
            "преди {0} години"
        ],
        "in \\1 day": [
            "сл {0} д",
            "след {0} ден",
            "след {0} дни"
        ],
        "in \\1 hour": [
            "сл {0} ч",
            "след {0} ч",
            "след {0} час",
            "след {0} часа"
        ],
        "in \\1 minute": [
            "сл {0} мин",
            "след {0} мин",
            "след {0} минута",
            "след {0} минути"
        ],
        "in \\1 month": [
            "сл {0} м",
            "след {0} м",
            "след {0} месец",
            "след {0} месеца"
        ],
        "in \\1 second": [
            "сл {0} сек",
            "след {0} сек",
            "след {0} секунда",
            "след {0} секунди"
        ],
        "in \\1 week": [
            "сл {0} седм",
            "след {0} седм",
            "след {0} седмица",
            "след {0} седмици"
        ],
        "in \\1 year": [
            "сл {0} г",
            "след {0} г",
            "след {0} година",
            "след {0} години"
        ]
    },
    "locale_specific": {}
}