{
    "name": "bn",
    "date_order": "DMY",
    "january": [
        "জানু",
        "জানুয়ারী"
    ],
    "february": [
        "ফেব",
        "ফেব্রুয়ারী"
    ],
    "march": [
        "মার্চ"
    ],
    "april": [
        "এপ্রিল"
    ],
    "may": [
        "মে"
    ],
    "june": [
        "জুন"
    ],
    "july": [
        "জুলাই"
    ],
    "august": [
        "আগস্ট"
    ],
    "september": [
        "সেপ্টেম্বর"
    ],
    "october": [
        "অক্টোবর"
    ],
    "november": [
        "নভেম্বর"
    ],
    "december": [
        "ডিসেম্বর"
    ],
    "monday": [
        "সোম",
        "সোমবার"
    ],
    "tuesday": [
        "মঙ্গল",
        "মঙ্গলবার"
    ],
    "wednesday": [
        "বুধ",
        "বুধবার"
    ],
    "thursday": [
        "বৃহষ্পতিবার",
        "বৃহস্পতি",
        "বৃহস্পতিবার"
    ],
    "friday": [
        "শুক্র",
        "শুক্রবার"
    ],
    "saturday": [
        "শনি",
        "শনিবার"
    ],
    "sunday": [
        "রবি",
        "রবিবার"
    ],
    "am": [
        "am"
    ],
    "pm": [
        "pm"
    ],
    "year": [
        "বছর"
    ],
    "month": [
        "মাস"
    ],
    "week": [
        "সপ্তাহ"
    ],
    "day": [
        "দিন"
    ],
    "hour": [
        "ঘন্টা"
    ],
    "minute": [
        "মিনিট"
    ],
    "second": [
        "সেকেন্ড"
    ],
    "relative-type": {
        "0 day ago": [
            "আজ"
        ],
        "0 hour ago": [
            "এই ঘণ্টায়"
        ],
        "0 minute ago": [
            "এই মিনিট"
        ],
        "0 month ago": [
            "এই মাস"
        ],
        "0 second ago": [
            "এখন"
        ],
        "0 week ago": [
            "এই সপ্তাহ"
        ],
        "0 year ago": [
            "এই বছর"
        ],
        "1 day ago": [
            "গতকাল"
        ],
        "1 month ago": [
            "গত মাস"
        ],
        "1 week ago": [
            "গত সপ্তাহ"
        ],
        "1 year ago": [
            "গত বছর"
        ],
        "in 1 day": [
            "আগামীকাল"
        ],
        "in 1 month": [
            "পরের মাস"
        ],
        "in 1 week": [
            "পরের সপ্তাহ"
        ],
        "in 1 year": [
            "পরের বছর"
        ]
    },
    "relative-type-regex": {
        "\\1 day ago": [
            "{0} দিন আগে"
        ],
        "\\1 hour ago": [
            "{0} ঘন্টা আগে"
        ],
        "\\1 minute ago": [
            "{0} মিনিট আগে",
            "{0} মিনিট পূর্বে"
        ],
        "\\1 month ago": [
            "{0} মাস আগে"
        ],
        "\\1 second ago": [
            "{0} সেকেন্ড আগে",
            "{0} সেকেন্ড পূর্বে"
        ],
        "\\1 week ago": [
            "{0} সপ্তাহ আগে"
        ],
        "\\1 year ago": [
            "{0} বছর পূর্বে"
        ],
        "in \\1 day": [
            "{0} দিনের মধ্যে"
        ],
        "in \\1 hour": [
            "{0} ঘন্টায়"
        ],
        "in \\1 minute": [
            "{0} মিনিটে"
        ],
        "in \\1 month": [
            "{0} মাসে"
        ],
        "in \\1 second": [
            "{0} সেকেন্ডে"
        ],
        "in \\1 week": [
            "{0} সপ্তাহে"
        ],
        "in \\1 year": [
            "{0} বছরে"
        ]
    },
    "locale_specific": {
        "bn-IN": {
            "name": "bn-IN"
        }
    }
}