{
    "name": "br",
    "date_order": "YMD",
    "january": [
        "gen",
        "genver"
    ],
    "february": [
        "c'hwe",
        "c'hwevrer"
    ],
    "march": [
        "meur",
        "meurzh"
    ],
    "april": [
        "ebr",
        "ebrel"
    ],
    "may": [
        "mae"
    ],
    "june": [
        "mezh",
        "mezheven"
    ],
    "july": [
        "goue",
        "gouere"
    ],
    "august": [
        "eost"
    ],
    "september": [
        "gwen",
        "gwengolo"
    ],
    "october": [
        "here"
    ],
    "november": [
        "du"
    ],
    "december": [
        "ker",
        "kerzu",
        "kzu"
    ],
    "monday": [
        "lun"
    ],
    "tuesday": [
        "meu",
        "meurzh"
    ],
    "wednesday": [
        "mer",
        "merc'her"
    ],
    "thursday": [
        "yaou"
    ],
    "friday": [
        "gwe",
        "gwener"
    ],
    "saturday": [
        "sad",
        "sadorn"
    ],
    "sunday": [
        "sul"
    ],
    "am": [
        "am"
    ],
    "pm": [
        "gm"
    ],
    "year": [
        "bl",
        "bloaz"
    ],
    "month": [
        "miz"
    ],
    "week": [
        "sizhun"
    ],
    "day": [
        "d",
        "deiz"
    ],
    "hour": [
        "e",
        "eur"
    ],
    "minute": [
        "min",
        "munut"
    ],
    "second": [
        "eilenn",
        "s"
    ],
    "relative-type": {
        "0 day ago": [
            "hiziv"
        ],
        "0 hour ago": [
            "this hour"
        ],
        "0 minute ago": [
            "this minute"
        ],
        "0 month ago": [
            "ar miz-mañ"
        ],
        "0 second ago": [
            "brem",
            "bremañ"
        ],
        "0 week ago": [
            "ar sizhun-mañ"
        ],
        "0 year ago": [
            "hevlene"
        ],
        "1 day ago": [
            "dec'h"
        ],
        "1 month ago": [
            "ar miz diaraok"
        ],
        "1 week ago": [
            "ar sizhun diaraok"
        ],
        "1 year ago": [
            "warlene"
        ],
        "in 1 day": [
            "warc'hoazh"
        ],
        "in 1 month": [
            "ar miz a zeu"
        ],
        "in 1 week": [
            "ar sizhun a zeu"
        ],
        "in 1 year": [
            "ar bl a zeu",
            "ar bloaz a zeu"
        ]
    },
    "relative-type-regex": {
        "\\1 day ago": [
            "{0} d zo",
            "{0} deiz zo"
        ],
        "\\1 hour ago": [
            "{0} e zo",
            "{0} eur zo"
        ],
        "\\1 minute ago": [
            "{0} min zo",
            "{0} munut zo"
        ],
        "\\1 month ago": [
            "{0} miz zo"
        ],
        "\\1 second ago": [
            "{0} eilenn zo",
            "{0} s zo"
        ],
        "\\1 week ago": [
            "{0} sizhun zo"
        ],
        "\\1 year ago": [
            "{0} bl zo",
            "{0} bloaz zo",
            "{0} vloaz zo"
        ],
        "in \\1 day": [
            "a-benn {0} d",
            "a-benn {0} deiz"
        ],
        "in \\1 hour": [
            "a-benn {0} e",
            "a-benn {0} eur"
        ],
        "in \\1 minute": [
            "a-benn {0} min",
            "a-benn {0} munut"
        ],
        "in \\1 month": [
            "a-benn {0} miz"
        ],
        "in \\1 second": [
            "a-benn {0} eilenn",
            "a-benn {0} s"
        ],
        "in \\1 week": [
            "a-benn {0} sizhun"
        ],
        "in \\1 year": [
            "a-benn {0} bl",
            "a-benn {0} bloaz",
            "a-benn {0} vloaz"
        ]
    },
    "locale_specific": {}
}