{
    "name": "bs-Cyrl",
    "date_order": "DMY",
    "january": [
        "јан",
        "јануар"
    ],
    "february": [
        "феб",
        "фебруар"
    ],
    "march": [
        "мар",
        "март"
    ],
    "april": [
        "апр",
        "април"
    ],
    "may": [
        "мај"
    ],
    "june": [
        "јун",
        "јуни"
    ],
    "july": [
        "јул",
        "јули"
    ],
    "august": [
        "авг",
        "август"
    ],
    "september": [
        "сеп",
        "септембар"
    ],
    "october": [
        "окт",
        "октобар"
    ],
    "november": [
        "нов",
        "новембар"
    ],
    "december": [
        "дец",
        "децембар"
    ],
    "monday": [
        "пон",
        "понедељак"
    ],
    "tuesday": [
        "уто",
        "уторак"
    ],
    "wednesday": [
        "сри",
        "сриједа"
    ],
    "thursday": [
        "чет",
        "четвртак"
    ],
    "friday": [
        "пет",
        "петак"
    ],
    "saturday": [
        "суб",
        "субота"
    ],
    "sunday": [
        "нед",
        "недеља"
    ],
    "am": [
        "пре подне"
    ],
    "pm": [
        "поподне"
    ],
    "year": [
        "година"
    ],
    "month": [
        "месец"
    ],
    "week": [
        "недеља"
    ],
    "day": [
        "дан"
    ],
    "hour": [
        "час"
    ],
    "minute": [
        "минут"
    ],
    "second": [
        "секунд"
    ],
    "relative-type": {
        "0 day ago": [
            "данас"
        ],
        "0 hour ago": [
            "this hour"
        ],
        "0 minute ago": [
            "this minute"
        ],
        "0 month ago": [
            "овог месеца"
        ],
        "0 second ago": [
            "now"
        ],
        "0 week ago": [
            "ове недеље"
        ],
        "0 year ago": [
            "ове године"
        ],
        "1 day ago": [
            "јуче"
        ],
        "1 month ago": [
            "прошлог месеца"
        ],
        "1 week ago": [
            "прошле недеље"
        ],
        "1 year ago": [
            "прошле године"
        ],
        "in 1 day": [
            "сутра"
        ],
        "in 1 month": [
            "следећег месеца"
        ],
        "in 1 week": [
            "следеће недеље"
        ],
        "in 1 year": [
            "следеће године"
        ]
    },
    "relative-type-regex": {
        "\\1 day ago": [
            "пре {0} дан",
            "пре {0} дана"
        ],
        "\\1 hour ago": [
            "пре {0} сат",
            "пре {0} сати"
        ],
        "\\1 minute ago": [
            "пре {0} минут",
            "пре {0} минута"
        ],
        "\\1 month ago": [
            "пре {0} месец",
            "пре {0} месеци"
        ],
        "\\1 second ago": [
            "пре {0} секунд",
            "пре {0} секунди"
        ],
        "\\1 week ago": [
            "пре {0} недеља",
            "пре {0} недељу"
        ],
        "\\1 year ago": [
            "пре {0} година",
            "пре {0} годину"
        ],
        "in \\1 day": [
            "за {0} дан",
            "за {0} дана"
        ],
        "in \\1 hour": [
            "за {0} сат",
            "за {0} сати"
        ],
        "in \\1 minute": [
            "за {0} минут",
            "за {0} минута"
        ],
        "in \\1 month": [
            "за {0} месец",
            "за {0} месеци"
        ],
        "in \\1 second": [
            "за {0} секунд",
            "за {0} секунди"
        ],
        "in \\1 week": [
            "за {0} недеља",
            "за {0} недељу"
        ],
        "in \\1 year": [
            "за {0} година",
            "за {0} годину"
        ]
    },
    "locale_specific": {}
}