{
    "name": "bs",
    "date_order": "DMY",
    "january": [
        "jan",
        "januar"
    ],
    "february": [
        "feb",
        "februar"
    ],
    "march": [
        "mar",
        "mart"
    ],
    "april": [
        "apr",
        "april"
    ],
    "may": [
        "maj"
    ],
    "june": [
        "jun",
        "juni"
    ],
    "july": [
        "jul",
        "juli"
    ],
    "august": [
        "avg",
        "avgust"
    ],
    "september": [
        "sep",
        "septembar"
    ],
    "october": [
        "okt",
        "oktobar"
    ],
    "november": [
        "nov",
        "novembar"
    ],
    "december": [
        "dec",
        "decembar"
    ],
    "monday": [
        "pon",
        "ponedjeljak"
    ],
    "tuesday": [
        "uto",
        "utorak"
    ],
    "wednesday": [
        "sri",
        "srijeda"
    ],
    "thursday": [
        "čet",
        "četvrtak"
    ],
    "friday": [
        "pet",
        "petak"
    ],
    "saturday": [
        "sub",
        "subota"
    ],
    "sunday": [
        "ned",
        "nedjelja"
    ],
    "am": [
        "prijepodne"
    ],
    "pm": [
        "popodne"
    ],
    "year": [
        "g",
        "god",
        "godina"
    ],
    "month": [
        "mj",
        "mjesec"
    ],
    "week": [
        "sed",
        "sedmica"
    ],
    "day": [
        "dan"
    ],
    "hour": [
        "h",
        "sat"
    ],
    "minute": [
        "min",
        "minuta"
    ],
    "second": [
        "s",
        "sek",
        "sekunda"
    ],
    "relative-type": {
        "0 day ago": [
            "danas"
        ],
        "0 hour ago": [
            "ovaj sat"
        ],
        "0 minute ago": [
            "ova minuta"
        ],
        "0 month ago": [
            "ovaj mjesec"
        ],
        "0 second ago": [
            "sada"
        ],
        "0 week ago": [
            "ove sedmice"
        ],
        "0 year ago": [
            "ove godine"
        ],
        "1 day ago": [
            "jučer"
        ],
        "1 month ago": [
            "prošli mjesec"
        ],
        "1 week ago": [
            "prošle sedmice"
        ],
        "1 year ago": [
            "prošle godine"
        ],
        "in 1 day": [
            "sutra"
        ],
        "in 1 month": [
            "sljedeći mjesec"
        ],
        "in 1 week": [
            "sljedeće sedmice"
        ],
        "in 1 year": [
            "sljedeće godine"
        ]
    },
    "relative-type-regex": {
        "\\1 day ago": [
            "prije {0} d",
            "prije {0} dan",
            "prije {0} dana"
        ],
        "\\1 hour ago": [
            "prije {0} sat",
            "prije {0} sati"
        ],
        "\\1 minute ago": [
            "prije {0} min",
            "prije {0} minuta",
            "prije {0} minutu"
        ],
        "\\1 month ago": [
            "prije {0} mj",
            "prije {0} mjesec",
            "prije {0} mjeseci"
        ],
        "\\1 second ago": [
            "prije {0} sek",
            "prije {0} sekundi",
            "prije {0} sekundu"
        ],
        "\\1 week ago": [
            "prije {0} sed",
            "prije {0} sedmica",
            "prije {0} sedmicu"
        ],
        "\\1 year ago": [
            "prije {0} g",
            "prije {0} god",
            "prije {0} godina",
            "prije {0} godinu"
        ],
        "in \\1 day": [
            "za {0} d",
            "za {0} dan",
            "za {0} dana"
        ],
        "in \\1 hour": [
            "za {0} sat",
            "za {0} sati"
        ],
        "in \\1 minute": [
            "za {0} min",
            "za {0} minuta",
            "za {0} minutu"
        ],
        "in \\1 month": [
            "za {0} mj",
            "za {0} mjesec",
            "za {0} mjeseci"
        ],
        "in \\1 second": [
            "za {0} sek",
            "za {0} sekundi",
            "za {0} sekundu"
        ],
        "in \\1 week": [
            "za {0} sed",
            "za {0} sedmica",
            "za {0} sedmicu"
        ],
        "in \\1 year": [
            "za {0} g",
            "za {0} god",
            "za {0} godina",
            "za {0} godinu"
        ]
    },
    "locale_specific": {}
}