{
    "name": "ca",
    "date_order": "DMY",
    "january": [
        "de gen",
        "de gener",
        "gen",
        "gener"
    ],
    "february": [
        "de febr",
        "de febrer",
        "febr",
        "febrer"
    ],
    "march": [
        "de març",
        "març"
    ],
    "april": [
        "abr",
        "abril",
        "d'abr",
        "d'abril"
    ],
    "may": [
        "de maig",
        "maig"
    ],
    "june": [
        "de juny",
        "juny"
    ],
    "july": [
        "de jul",
        "de juliol",
        "jul",
        "juliol"
    ],
    "august": [
        "ag",
        "agost",
        "d'ag",
        "d'agost"
    ],
    "september": [
        "de set",
        "de setembre",
        "set",
        "setembre"
    ],
    "october": [
        "d'oct",
        "d'octubre",
        "oct",
        "octubre"
    ],
    "november": [
        "de nov",
        "de novembre",
        "nov",
        "novembre"
    ],
    "december": [
        "de des",
        "de desembre",
        "des",
        "desembre"
    ],
    "monday": [
        "dilluns",
        "dl"
    ],
    "tuesday": [
        "dimarts",
        "dt"
    ],
    "wednesday": [
        "dc",
        "dimecres"
    ],
    "thursday": [
        "dijous",
        "dj"
    ],
    "friday": [
        "divendres",
        "dv"
    ],
    "saturday": [
        "dissabte",
        "ds"
    ],
    "sunday": [
        "dg",
        "diumenge"
    ],
    "am": [
        "am"
    ],
    "pm": [
        "pm"
    ],
    "year": [
        "any"
    ],
    "month": [
        "mes"
    ],
    "week": [
        "setm",
        "setmana"
    ],
    "day": [
        "dia"
    ],
    "hour": [
        "h",
        "hora"
    ],
    "minute": [
        "min",
        "minut"
    ],
    "second": [
        "s",
        "segon"
    ],
    "relative-type": {
        "0 day ago": [
            "avui"
        ],
        "0 hour ago": [
            "aquesta hora"
        ],
        "0 minute ago": [
            "aquest minut"
        ],
        "0 month ago": [
            "aquest mes"
        ],
        "0 second ago": [
            "ara"
        ],
        "0 week ago": [
            "aquesta setm",
            "aquesta setmana"
        ],
        "0 year ago": [
            "enguany"
        ],
        "1 day ago": [
            "ahir"
        ],
        "1 month ago": [
            "el mes passat",
            "mes passat"
        ],
        "1 week ago": [
            "la setm passada",
            "la setmana passada",
            "setm passada"
        ],
        "1 year ago": [
            "l'any passat"
        ],
        "in 1 day": [
            "demà"
        ],
        "in 1 month": [
            "el mes que ve",
            "mes vinent"
        ],
        "in 1 week": [
            "la setm que ve",
            "la setmana que ve",
            "setm vinent"
        ],
        "in 1 year": [
            "l'any que ve"
        ]
    },
    "relative-type-regex": {
        "\\1 day ago": [
            "fa {0} dia",
            "fa {0} dies"
        ],
        "\\1 hour ago": [
            "fa {0} h",
            "fa {0} hora",
            "fa {0} hores"
        ],
        "\\1 minute ago": [
            "fa {0} min",
            "fa {0} minut",
            "fa {0} minuts"
        ],
        "\\1 month ago": [
            "fa {0} mes",
            "fa {0} mesos"
        ],
        "\\1 second ago": [
            "fa {0} s",
            "fa {0} segon",
            "fa {0} segons"
        ],
        "\\1 week ago": [
            "fa {0} setm",
            "fa {0} setmana",
            "fa {0} setmanes"
        ],
        "\\1 year ago": [
            "fa {0} any",
            "fa {0} anys"
        ],
        "in \\1 day": [
            "d'aquí a {0} dia",
            "d'aquí a {0} dies"
        ],
        "in \\1 hour": [
            "d'aquí a {0} h",
            "d'aquí a {0} hora",
            "d'aquí a {0} hores",
            "d‘aquí a {0} h"
        ],
        "in \\1 minute": [
            "d'aquí a {0} min",
            "d'aquí a {0} minut",
            "d'aquí a {0} minuts"
        ],
        "in \\1 month": [
            "d'aquí a {0} mes",
            "d'aquí a {0} mesos"
        ],
        "in \\1 second": [
            "d'aquí a {0} s",
            "d'aquí a {0} segon",
            "d'aquí a {0} segons"
        ],
        "in \\1 week": [
            "d'aquí a {0} setm",
            "d'aquí a {0} setmana",
            "d'aquí a {0} setmanes"
        ],
        "in \\1 year": [
            "d'aquí a {0} any",
            "d'aquí a {0} anys"
        ]
    },
    "locale_specific": {
        "ca-AD": {
            "name": "ca-AD"
        },
        "ca-FR": {
            "name": "ca-FR"
        },
        "ca-IT": {
            "name": "ca-IT"
        }
    }
}