{
    "name": "ce",
    "date_order": "YMD",
    "january": [
        "янв",
        "январь"
    ],
    "february": [
        "фев",
        "февраль"
    ],
    "march": [
        "мар",
        "март"
    ],
    "april": [
        "апр",
        "апрель"
    ],
    "may": [
        "май"
    ],
    "june": [
        "июн",
        "июнь"
    ],
    "july": [
        "июл",
        "июль"
    ],
    "august": [
        "авг",
        "август"
    ],
    "september": [
        "сен",
        "сентябрь"
    ],
    "october": [
        "окт",
        "октябрь"
    ],
    "november": [
        "ноя",
        "ноябрь"
    ],
    "december": [
        "дек",
        "декабрь"
    ],
    "monday": [
        "оршотан де"
    ],
    "tuesday": [
        "шинарин де"
    ],
    "wednesday": [
        "кхаарин де"
    ],
    "thursday": [
        "еарин де"
    ],
    "friday": [
        "пӏераскан де"
    ],
    "saturday": [
        "шот де"
    ],
    "sunday": [
        "кӏиранан де"
    ],
    "am": [
        "am"
    ],
    "pm": [
        "pm"
    ],
    "year": [
        "ш",
        "шо"
    ],
    "month": [
        "бут",
        "бутт"
    ],
    "week": [
        "кӏир",
        "кӏира"
    ],
    "day": [
        "де"
    ],
    "hour": [
        "сахь",
        "сахьт"
    ],
    "minute": [
        "мин",
        "минот"
    ],
    "second": [
        "сек",
        "секунд"
    ],
    "relative-type": {
        "0 day ago": [
            "тахана"
        ],
        "0 hour ago": [
            "this hour"
        ],
        "0 minute ago": [
            "this minute"
        ],
        "0 month ago": [
            "карарчу баттахь"
        ],
        "0 second ago": [
            "now"
        ],
        "0 week ago": [
            "карарчу кӏирнахь"
        ],
        "0 year ago": [
            "карарчу шарахь"
        ],
        "1 day ago": [
            "селхана"
        ],
        "1 month ago": [
            "баханчу баттахь"
        ],
        "1 week ago": [
            "даханчу кӏирнахь"
        ],
        "1 year ago": [
            "даханчу шарахь"
        ],
        "in 1 day": [
            "кхана"
        ],
        "in 1 month": [
            "рогӏерчу баттахь"
        ],
        "in 1 week": [
            "рогӏерчу кӏирнахь"
        ],
        "in 1 year": [
            "рогӏерчу шарахь"
        ]
    },
    "relative-type-regex": {
        "\\1 day ago": [
            "{0} д хьалха",
            "{0} де хьалха"
        ],
        "\\1 hour ago": [
            "{0} сахь хьалха",
            "{0} сахьт хьалха"
        ],
        "\\1 minute ago": [
            "{0} мин хьалха",
            "{0} минот хьалха"
        ],
        "\\1 month ago": [
            "{0} б хьалха",
            "{0} бутт хьалха"
        ],
        "\\1 second ago": [
            "{0} сек хьалха",
            "{0} секунд хьалха"
        ],
        "\\1 week ago": [
            "{0} кӏир хьалха",
            "{0} кӏира хьалха"
        ],
        "\\1 year ago": [
            "{0} ш хьалха",
            "{0} шо хьалха"
        ],
        "in \\1 day": [
            "{0} д даьлча",
            "{0} де даьлча"
        ],
        "in \\1 hour": [
            "{0} сахь даьлча",
            "{0} сахьт даьлча"
        ],
        "in \\1 minute": [
            "{0} мин яьлча",
            "{0} минот яьлча"
        ],
        "in \\1 month": [
            "{0} б баьлча",
            "{0} бутт баьлча"
        ],
        "in \\1 second": [
            "{0} сек яьлча",
            "{0} секунд яьлча"
        ],
        "in \\1 week": [
            "{0} кӏир даьлча",
            "{0} кӏира даьлча"
        ],
        "in \\1 year": [
            "{0} ш даьлча",
            "{0} шо даьлча"
        ]
    },
    "locale_specific": {}
}