{
    "name": "chr",
    "date_order": "MDY",
    "january": [
        "ꭴꮓ",
        "ꭴꮓꮈꮤꮕ"
    ],
    "february": [
        "ꭷꭶ",
        "ꭷꭶꮅ"
    ],
    "march": [
        "ꭰꮕ",
        "ꭰꮕᏹ"
    ],
    "april": [
        "ꭷꮼ",
        "ꭷꮼꮒ"
    ],
    "may": [
        "ꭰꮒ",
        "ꭰꮒꮝꭼꮨ"
    ],
    "june": [
        "ꮥꭽ",
        "ꮥꭽꮇᏹ"
    ],
    "july": [
        "ꭻᏸ",
        "ꭻᏸꮙꮒ"
    ],
    "august": [
        "ꭶꮆ",
        "ꭶꮆꮒ"
    ],
    "september": [
        "ꮪꮅ",
        "ꮪꮅꮝꮧ"
    ],
    "october": [
        "ꮪꮒ",
        "ꮪꮒꮕꮧ"
    ],
    "november": [
        "ꮕꮣ",
        "ꮕꮣꮥꮖ"
    ],
    "december": [
        "ꭵꮝ",
        "ꭵꮝꭹᏹ"
    ],
    "monday": [
        "ꭴꮎꮩꮣꮙꮕꭿ",
        "ꮙꮕꭿ"
    ],
    "tuesday": [
        "ꮤꮅꮑ",
        "ꮤꮅꮑꭲꭶ"
    ],
    "wednesday": [
        "ꮶꭲꮑ",
        "ꮶꭲꮑꭲꭶ"
    ],
    "thursday": [
        "ꮕꭹꮑ",
        "ꮕꭹꮑꭲꭶ"
    ],
    "friday": [
        "ꮷꮎꭹ",
        "ꮷꮎꭹꮆꮝꮧ"
    ],
    "saturday": [
        "ꭴꮎꮩꮣꮘꮥꮎ",
        "ꮘꮥꮎ"
    ],
    "sunday": [
        "ꭴꮎꮩꮣꮖꮝꭼ",
        "ꮖꮝꭼ"
    ],
    "am": [
        "ꮜꮎꮄ"
    ],
    "pm": [
        "ꮢꭿᏹꭲꮧꮲ"
    ],
    "year": [
        "ꭴꮥ",
        "ꭴꮥꮨᏼꮜꮧꮢꭲ"
    ],
    "month": [
        "ꭷꮈ",
        "ꭷꮈꭲ"
    ],
    "week": [
        "ꮢꮎ",
        "ꮢꮎꮩꮣꮖꮝꮧ"
    ],
    "day": [
        "ꭲꭶ"
    ],
    "hour": [
        "ꮡꮯ",
        "ꮡꮯꮆꮣ"
    ],
    "minute": [
        "ꭲꮿꮤ",
        "ꭲꮿꮤꮼꮝꮤꮕ"
    ],
    "second": [
        "ꭰꮞꮲ"
    ],
    "relative-type": {
        "0 day ago": [
            "ꭺꭿ ꭲꭶ"
        ],
        "0 hour ago": [
            "ꭿꭰ ꮡꮯꮆꮣ"
        ],
        "0 minute ago": [
            "ꭿꭰ ꭲꮿꮤꮼꮝꮤꮕ"
        ],
        "0 month ago": [
            "ꭿꭰ ꭷꮈꭲ"
        ],
        "0 second ago": [
            "ꮓꮚ"
        ],
        "0 week ago": [
            "ꭿꭰ ꭰꮅꮅꮜ"
        ],
        "0 year ago": [
            "ꭿꭰ ꮷꮥꮨᏼꮢꮨ"
        ],
        "1 day ago": [
            "ꮢꭿ"
        ],
        "1 month ago": [
            "ꭷꮈꭲ ꮵꭸꮢ"
        ],
        "1 week ago": [
            "ꮵꮫꮅᏹꮅꮢꭲ"
        ],
        "1 year ago": [
            "ꭱꮨ ꮵꭸꮢ"
        ],
        "in 1 day": [
            "ꮜꮎꮄꭲ"
        ],
        "in 1 month": [
            "ꮤꮅꮑ ꭷꮈꭲ"
        ],
        "in 1 week": [
            "ꮠꮖꮄꮕꮂ"
        ],
        "in 1 year": [
            "ꭱꮨᏼꭲ"
        ]
    },
    "relative-type-regex": {
        "\\1 day ago": [
            "{0} ꭲꭶ ꮵꭸꮢ",
            "{0} ꭿꮈꮝꭹ ꮷꮢꭿꮫ ꮵꭸꮢ"
        ],
        "\\1 hour ago": [
            "{0} ꭲᏻꮯꮆꮣ ꮵꭸꮢ",
            "{0} ꮡꮯꮆꮣ ꮵꭸꮢ",
            "ꮎꮏ {0} ꮡꮯ ꮵꭸꮢ"
        ],
        "\\1 minute ago": [
            "ꮎꮏ {0} ꭲꮿꮤ ꮵꭸꮢ",
            "ꮎꮏ {0} ꭲꮿꮤꮼꮝꮤꮕ ꮵꭸꮢ"
        ],
        "\\1 month ago": [
            "ꮎꮏ {0} ꭷꮈ ꮵꭸꮢ",
            "ꮎꮏ {0} ꭷꮈꭲ ꮵꭸꮢ",
            "ꮎꮏ {0} ꮧꭷꮈꭲ ꮵꭸꮢ"
        ],
        "\\1 second ago": [
            "{0} ꭰꮞꮲ ꮵꭸꮢ",
            "{0} ꮣꮣꮎꮹꮝꭼ ꮵꭸꮢ"
        ],
        "\\1 week ago": [
            "ꮎꮏ {0} ꭲᏻꮎꮩꮣꮖꮝꮧ ꮵꭸꮢ",
            "ꮎꮏ {0} ꮢꮎ ꮵꭸꮢ",
            "ꮎꮏ {0} ꮢꮎꮩꮣꮖꮝꮧ ꮵꭸꮢ"
        ],
        "\\1 year ago": [
            "{0} ꭲꮷꮥꮨᏼꮜꮧꮢꭲ ꮵꭸꮢ",
            "{0} ꭴꮥꮨᏼꮜꮧꮢꭲ ꮵꭸꮢ",
            "ꮎꮏ {0} ꭴꮥ ꮵꭸꮢ"
        ],
        "in \\1 day": [
            "ꮎꮏ {0} ꭲꭶ",
            "ꮎꮏ {0} ꭿꮈꮝꭹ ꮷꮢꭿꮫ"
        ],
        "in \\1 hour": [
            "ꮎꮏ {0} ꭲᏻꮯꮆꮣ",
            "ꮎꮏ {0} ꮡꮯ",
            "ꮎꮏ {0} ꮡꮯꮆꮣ"
        ],
        "in \\1 minute": [
            "ꮎꮏ {0} ꭲꮿꮤ",
            "ꮎꮏ {0} ꭲꮿꮤꮼꮝꮤꮕ"
        ],
        "in \\1 month": [
            "ꮎꮏ {0} ꭷꮈ",
            "ꮎꮏ {0} ꭷꮈꭲ",
            "ꮎꮏ {0} ꮧꭷꮈꭲ"
        ],
        "in \\1 second": [
            "ꮎꮏ {0} ꭰꮞꮲ",
            "ꮎꮏ {0} ꮣꮣꮎꮹꮝꭼ ꮵꭸꮢ"
        ],
        "in \\1 week": [
            "ꮎꮏ {0} ꭲᏻꮎꮩꮣꮖꮝꮧ",
            "ꮎꮏ {0} ꮢꮎ",
            "ꮎꮏ {0} ꮢꮎꮩꮣꮖꮝꮧ"
        ],
        "in \\1 year": [
            "ꮎꮏ {0} ꭲꮷꮥꮨᏼꮜꮧꮢꭲ",
            "ꮎꮏ {0} ꭴꮥ",
            "ꮎꮏ {0} ꭴꮥꮨᏼꮜꮧꮢꭲ"
        ]
    },
    "locale_specific": {}
}