{
    "name": "cs",
    "date_order": "DMY",
    "january": [
        "led",
        "leden",
        "ledna"
    ],
    "february": [
        "úno",
        "únor",
        "února"
    ],
    "march": [
        "bře",
        "březen",
        "března"
    ],
    "april": [
        "dub",
        "duben",
        "dubna"
    ],
    "may": [
        "kvě",
        "květen",
        "května"
    ],
    "june": [
        "červen",
        "června",
        "čvn"
    ],
    "july": [
        "července",
        "červenec",
        "čvc"
    ],
    "august": [
        "srp",
        "srpen",
        "srpna"
    ],
    "september": [
        "zář",
        "září"
    ],
    "october": [
        "říj",
        "říjen",
        "října"
    ],
    "november": [
        "lis",
        "listopad",
        "listopadu"
    ],
    "december": [
        "pro",
        "prosince",
        "prosinec"
    ],
    "monday": [
        "po",
        "pondělí"
    ],
    "tuesday": [
        "út",
        "úterý"
    ],
    "wednesday": [
        "st",
        "středa"
    ],
    "thursday": [
        "čt",
        "čtvrtek"
    ],
    "friday": [
        "pá",
        "pátek"
    ],
    "saturday": [
        "so",
        "sobota"
    ],
    "sunday": [
        "ne",
        "neděle"
    ],
    "am": [
        "dop"
    ],
    "pm": [
        "odp"
    ],
    "year": [
        "r",
        "rok"
    ],
    "month": [
        "měs",
        "měsíc"
    ],
    "week": [
        "týd",
        "týden"
    ],
    "day": [
        "den"
    ],
    "hour": [
        "h",
        "hodina"
    ],
    "minute": [
        "min",
        "minuta"
    ],
    "second": [
        "s",
        "sekunda"
    ],
    "relative-type": {
        "0 day ago": [
            "dnes"
        ],
        "0 hour ago": [
            "tuto hodinu"
        ],
        "0 minute ago": [
            "tuto minutu"
        ],
        "0 month ago": [
            "tento měsíc"
        ],
        "0 second ago": [
            "nyní"
        ],
        "0 week ago": [
            "tento týd",
            "tento týden"
        ],
        "0 year ago": [
            "tento rok"
        ],
        "1 day ago": [
            "včera"
        ],
        "1 month ago": [
            "minulý měsíc"
        ],
        "1 week ago": [
            "minulý týd",
            "minulý týden"
        ],
        "1 year ago": [
            "minulý rok"
        ],
        "in 1 day": [
            "zítra"
        ],
        "in 1 month": [
            "příští měsíc"
        ],
        "in 1 week": [
            "příští týd",
            "příští týden"
        ],
        "in 1 year": [
            "příští rok"
        ]
    },
    "relative-type-regex": {
        "\\1 day ago": [
            "před {0} dnem",
            "před {0} dny"
        ],
        "\\1 hour ago": [
            "před {0} h",
            "před {0} hodinami",
            "před {0} hodinou"
        ],
        "\\1 minute ago": [
            "před {0} min",
            "před {0} minutami",
            "před {0} minutou"
        ],
        "\\1 month ago": [
            "před {0} měs",
            "před {0} měsícem",
            "před {0} měsíci"
        ],
        "\\1 second ago": [
            "před {0} s",
            "před {0} sekundami",
            "před {0} sekundou"
        ],
        "\\1 week ago": [
            "před {0} týd",
            "před {0} týdnem",
            "před {0} týdny"
        ],
        "\\1 year ago": [
            "před {0} l",
            "před {0} lety",
            "před {0} r",
            "před {0} rokem"
        ],
        "in \\1 day": [
            "za {0} den",
            "za {0} dní"
        ],
        "in \\1 hour": [
            "za {0} h",
            "za {0} hodin",
            "za {0} hodinu"
        ],
        "in \\1 minute": [
            "za {0} min",
            "za {0} minut",
            "za {0} minutu"
        ],
        "in \\1 month": [
            "za {0} měs",
            "za {0} měsíc",
            "za {0} měsíců"
        ],
        "in \\1 second": [
            "za {0} s",
            "za {0} sekund",
            "za {0} sekundu"
        ],
        "in \\1 week": [
            "za {0} týd",
            "za {0} týden",
            "za {0} týdnů"
        ],
        "in \\1 year": [
            "za {0} l",
            "za {0} let",
            "za {0} r",
            "za {0} rok"
        ]
    },
    "locale_specific": {}
}