{
    "name": "da",
    "date_order": "DMY",
    "january": [
        "jan",
        "januar"
    ],
    "february": [
        "feb",
        "februar"
    ],
    "march": [
        "mar",
        "marts"
    ],
    "april": [
        "apr",
        "april"
    ],
    "may": [
        "maj"
    ],
    "june": [
        "jun",
        "juni"
    ],
    "july": [
        "jul",
        "juli"
    ],
    "august": [
        "aug",
        "august"
    ],
    "september": [
        "sep",
        "september"
    ],
    "october": [
        "okt",
        "oktober"
    ],
    "november": [
        "nov",
        "november"
    ],
    "december": [
        "dec",
        "december"
    ],
    "monday": [
        "man",
        "mandag"
    ],
    "tuesday": [
        "tir",
        "tirsdag"
    ],
    "wednesday": [
        "ons",
        "onsdag"
    ],
    "thursday": [
        "tor",
        "torsdag"
    ],
    "friday": [
        "fre",
        "fredag"
    ],
    "saturday": [
        "lør",
        "lørdag"
    ],
    "sunday": [
        "søn",
        "søndag"
    ],
    "am": [
        "am"
    ],
    "pm": [
        "pm"
    ],
    "year": [
        "år"
    ],
    "month": [
        "md",
        "måned"
    ],
    "week": [
        "uge"
    ],
    "day": [
        "dag"
    ],
    "hour": [
        "t",
        "time"
    ],
    "minute": [
        "min",
        "minut"
    ],
    "second": [
        "s",
        "sek",
        "sekund"
    ],
    "relative-type": {
        "0 day ago": [
            "i dag"
        ],
        "0 hour ago": [
            "i den kommende time"
        ],
        "0 minute ago": [
            "i det kommende minut"
        ],
        "0 month ago": [
            "denne md",
            "denne måned"
        ],
        "0 second ago": [
            "nu"
        ],
        "0 week ago": [
            "denne uge"
        ],
        "0 year ago": [
            "i år"
        ],
        "1 day ago": [
            "i går"
        ],
        "1 month ago": [
            "sidste md",
            "sidste måned"
        ],
        "1 week ago": [
            "sidste uge"
        ],
        "1 year ago": [
            "sidste år"
        ],
        "in 1 day": [
            "i morgen"
        ],
        "in 1 month": [
            "næste md",
            "næste måned"
        ],
        "in 1 week": [
            "næste uge"
        ],
        "in 1 year": [
            "næste år"
        ]
    },
    "relative-type-regex": {
        "\\1 day ago": [
            "for {0} dag siden",
            "for {0} dage siden"
        ],
        "\\1 hour ago": [
            "for {0} time siden",
            "for {0} timer siden"
        ],
        "\\1 minute ago": [
            "for {0} min siden",
            "for {0} minut siden",
            "for {0} minutter siden"
        ],
        "\\1 month ago": [
            "for {0} md siden",
            "for {0} mdr siden",
            "for {0} måned siden",
            "for {0} måneder siden"
        ],
        "\\1 second ago": [
            "for {0} sek siden",
            "for {0} sekund siden",
            "for {0} sekunder siden"
        ],
        "\\1 week ago": [
            "for {0} uge siden",
            "for {0} uger siden"
        ],
        "\\1 year ago": [
            "for {0} år siden"
        ],
        "in \\1 day": [
            "om {0} dag",
            "om {0} dage"
        ],
        "in \\1 hour": [
            "om {0} time",
            "om {0} timer"
        ],
        "in \\1 minute": [
            "om {0} min",
            "om {0} minut",
            "om {0} minutter"
        ],
        "in \\1 month": [
            "om {0} md",
            "om {0} mdr",
            "om {0} måned",
            "om {0} måneder"
        ],
        "in \\1 second": [
            "om {0} sek",
            "om {0} sekund",
            "om {0} sekunder"
        ],
        "in \\1 week": [
            "om {0} uge",
            "om {0} uger"
        ],
        "in \\1 year": [
            "om {0} år"
        ]
    },
    "locale_specific": {
        "da-GL": {
            "name": "da-GL"
        }
    }
}