{
    "name": "de",
    "date_order": "DMY",
    "january": [
        "jan",
        "januar"
    ],
    "february": [
        "feb",
        "februar"
    ],
    "march": [
        "mär",
        "märz"
    ],
    "april": [
        "apr",
        "april"
    ],
    "may": [
        "mai"
    ],
    "june": [
        "jun",
        "juni"
    ],
    "july": [
        "jul",
        "juli"
    ],
    "august": [
        "aug",
        "august"
    ],
    "september": [
        "sep",
        "september"
    ],
    "october": [
        "okt",
        "oktober"
    ],
    "november": [
        "nov",
        "november"
    ],
    "december": [
        "dez",
        "dezember"
    ],
    "monday": [
        "mo",
        "montag"
    ],
    "tuesday": [
        "di",
        "dienstag"
    ],
    "wednesday": [
        "mi",
        "mittwoch"
    ],
    "thursday": [
        "do",
        "donnerstag"
    ],
    "friday": [
        "fr",
        "freitag"
    ],
    "saturday": [
        "sa",
        "samstag"
    ],
    "sunday": [
        "so",
        "sonntag"
    ],
    "am": [
        "vorm"
    ],
    "pm": [
        "nachm"
    ],
    "year": [
        "j",
        "jahr"
    ],
    "month": [
        "m",
        "monat"
    ],
    "week": [
        "w",
        "woche"
    ],
    "day": [
        "tag"
    ],
    "hour": [
        "std",
        "stunde"
    ],
    "minute": [
        "min",
        "minute"
    ],
    "second": [
        "sek",
        "sekunde"
    ],
    "relative-type": {
        "0 day ago": [
            "heute"
        ],
        "0 hour ago": [
            "in dieser stunde"
        ],
        "0 minute ago": [
            "in dieser minute"
        ],
        "0 month ago": [
            "diesen monat"
        ],
        "0 second ago": [
            "jetzt"
        ],
        "0 week ago": [
            "diese woche"
        ],
        "0 year ago": [
            "dieses jahr"
        ],
        "1 day ago": [
            "gestern"
        ],
        "1 month ago": [
            "letzten monat"
        ],
        "1 week ago": [
            "letzte woche"
        ],
        "1 year ago": [
            "letztes jahr"
        ],
        "in 1 day": [
            "morgen"
        ],
        "in 1 month": [
            "nächsten monat"
        ],
        "in 1 week": [
            "nächste woche"
        ],
        "in 1 year": [
            "nächstes jahr"
        ]
    },
    "relative-type-regex": {
        "\\1 day ago": [
            "vor {0} tag",
            "vor {0} tagen"
        ],
        "\\1 hour ago": [
            "vor {0} std",
            "vor {0} stunde",
            "vor {0} stunden"
        ],
        "\\1 minute ago": [
            "vor {0} m",
            "vor {0} min",
            "vor {0} minute",
            "vor {0} minuten"
        ],
        "\\1 month ago": [
            "vor {0} monat",
            "vor {0} monaten"
        ],
        "\\1 second ago": [
            "vor {0} s",
            "vor {0} sek",
            "vor {0} sekunde",
            "vor {0} sekunden"
        ],
        "\\1 week ago": [
            "vor {0} wo",
            "vor {0} woche",
            "vor {0} wochen"
        ],
        "\\1 year ago": [
            "vor {0} jahr",
            "vor {0} jahren"
        ],
        "in \\1 day": [
            "in {0} tag",
            "in {0} tagen"
        ],
        "in \\1 hour": [
            "in {0} std",
            "in {0} stunde",
            "in {0} stunden"
        ],
        "in \\1 minute": [
            "in {0} m",
            "in {0} min",
            "in {0} minute",
            "in {0} minuten"
        ],
        "in \\1 month": [
            "in {0} monat",
            "in {0} monaten"
        ],
        "in \\1 second": [
            "in {0} s",
            "in {0} sek",
            "in {0} sekunde",
            "in {0} sekunden"
        ],
        "in \\1 week": [
            "in {0} wo",
            "in {0} woche",
            "in {0} wochen"
        ],
        "in \\1 year": [
            "in {0} jahr",
            "in {0} jahren"
        ]
    },
    "locale_specific": {
        "de-AT": {
            "name": "de-AT",
            "january": [
                "jän",
                "jänner"
            ]
        },
        "de-BE": {
            "name": "de-BE"
        },
        "de-CH": {
            "name": "de-CH"
        },
        "de-IT": {
            "name": "de-IT",
            "january": [
                "jän",
                "jänner"
            ]
        },
        "de-LI": {
            "name": "de-LI"
        },
        "de-LU": {
            "name": "de-LU"
        }
    }
}