{
    "name": "dsb",
    "date_order": "DMY",
    "january": [
        "jan",
        "januar",
        "januara"
    ],
    "february": [
        "feb",
        "februar",
        "februara"
    ],
    "march": [
        "měr",
        "měrc",
        "měrca"
    ],
    "april": [
        "apr",
        "apryl",
        "apryla"
    ],
    "may": [
        "maj",
        "maja"
    ],
    "june": [
        "jun",
        "junij",
        "junija"
    ],
    "july": [
        "jul",
        "julij",
        "julija"
    ],
    "august": [
        "awg",
        "awgust",
        "awgusta"
    ],
    "september": [
        "sep",
        "september",
        "septembra"
    ],
    "october": [
        "okt",
        "oktober",
        "oktobra"
    ],
    "november": [
        "now",
        "nowember",
        "nowembra"
    ],
    "december": [
        "dec",
        "december",
        "decembra"
    ],
    "monday": [
        "pón",
        "pónjeźele"
    ],
    "tuesday": [
        "wał",
        "wałtora"
    ],
    "wednesday": [
        "srj",
        "srjoda"
    ],
    "thursday": [
        "stw",
        "stwórtk"
    ],
    "friday": [
        "pět",
        "pětk"
    ],
    "saturday": [
        "sob",
        "sobota"
    ],
    "sunday": [
        "nje",
        "njeźela"
    ],
    "am": [
        "dopołdnja"
    ],
    "pm": [
        "wótpołdnja"
    ],
    "year": [
        "l",
        "lěto"
    ],
    "month": [
        "mjas",
        "mjasec"
    ],
    "week": [
        "tyź",
        "tyźeń"
    ],
    "day": [
        "ź",
        "źeń"
    ],
    "hour": [
        "g",
        "góź",
        "góźina"
    ],
    "minute": [
        "m",
        "min",
        "minuta"
    ],
    "second": [
        "s",
        "sek",
        "sekunda"
    ],
    "relative-type": {
        "0 day ago": [
            "źinsa"
        ],
        "0 hour ago": [
            "this hour"
        ],
        "0 minute ago": [
            "this minute"
        ],
        "0 month ago": [
            "ten mjasec"
        ],
        "0 second ago": [
            "now"
        ],
        "0 week ago": [
            "ten tyźeń"
        ],
        "0 year ago": [
            "lětosa"
        ],
        "1 day ago": [
            "cora"
        ],
        "1 month ago": [
            "slědny mjasec"
        ],
        "1 week ago": [
            "slědny tyźeń"
        ],
        "1 year ago": [
            "łoni"
        ],
        "in 1 day": [
            "witśe"
        ],
        "in 1 month": [
            "pśiducy mjasec"
        ],
        "in 1 week": [
            "pśiducy tyźeń"
        ],
        "in 1 year": [
            "znowa"
        ]
    },
    "relative-type-regex": {
        "\\1 day ago": [
            "pśed {0} d",
            "pśed {0} dnj",
            "pśed {0} dnjami",
            "pśed {0} dnjom"
        ],
        "\\1 hour ago": [
            "pśed {0} g",
            "pśed {0} góź",
            "pśed {0} góźinami",
            "pśed {0} góźinu"
        ],
        "\\1 minute ago": [
            "pśed {0} m",
            "pśed {0} min",
            "pśed {0} minutami",
            "pśed {0} minutu"
        ],
        "\\1 month ago": [
            "pśed {0} mjas",
            "pśed {0} mjasecami",
            "pśed {0} mjasecom"
        ],
        "\\1 second ago": [
            "pśed {0} s",
            "pśed {0} sek",
            "pśed {0} sekundami",
            "pśed {0} sekundu"
        ],
        "\\1 week ago": [
            "pśed {0} tyź",
            "pśed {0} tyźenjami",
            "pśed {0} tyźenjom"
        ],
        "\\1 year ago": [
            "pśed {0} l",
            "pśed {0} lětami",
            "pśed {0} lětom"
        ],
        "in \\1 day": [
            "za {0} dnj",
            "za {0} dnjow",
            "za {0} ź",
            "za {0} źeń"
        ],
        "in \\1 hour": [
            "za {0} g",
            "za {0} góź",
            "za {0} góźin",
            "za {0} góźinu"
        ],
        "in \\1 minute": [
            "za {0} m",
            "za {0} min",
            "za {0} minutow",
            "za {0} minutu"
        ],
        "in \\1 month": [
            "za {0} mjas",
            "za {0} mjasec",
            "za {0} mjasecow"
        ],
        "in \\1 second": [
            "za {0} s",
            "za {0} sek",
            "za {0} sekundow",
            "za {0} sekundu"
        ],
        "in \\1 week": [
            "za {0} tyź",
            "za {0} tyźenjow",
            "za {0} tyźeń"
        ],
        "in \\1 year": [
            "za {0} l",
            "za {0} lět",
            "za {0} lěto"
        ]
    },
    "locale_specific": {}
}