{
    "name": "ee",
    "date_order": "MDY",
    "january": [
        "dzove",
        "dzv"
    ],
    "february": [
        "dzd",
        "dzodze"
    ],
    "march": [
        "ted",
        "tedoxe"
    ],
    "april": [
        "afɔ",
        "afɔfĩe"
    ],
    "may": [
        "dam",
        "dama"
    ],
    "june": [
        "mas",
        "masa"
    ],
    "july": [
        "sia",
        "siamlɔm"
    ],
    "august": [
        "dea",
        "deasiamime"
    ],
    "september": [
        "any",
        "anyɔnyɔ"
    ],
    "october": [
        "kel",
        "kele"
    ],
    "november": [
        "ade",
        "adeɛmekpɔxe"
    ],
    "december": [
        "dzm",
        "dzome"
    ],
    "monday": [
        "dzo",
        "dzoɖa"
    ],
    "tuesday": [
        "bla",
        "blaɖa"
    ],
    "wednesday": [
        "kuɖ",
        "kuɖa"
    ],
    "thursday": [
        "yaw",
        "yawoɖa"
    ],
    "friday": [
        "fiɖ",
        "fiɖa"
    ],
    "saturday": [
        "mem",
        "memleɖa"
    ],
    "sunday": [
        "kɔs",
        "kɔsiɖa"
    ],
    "am": [
        "ŋdi"
    ],
    "pm": [
        "ɣetrɔ"
    ],
    "year": [
        "ƒe"
    ],
    "month": [
        "ɣleti"
    ],
    "week": [
        "kɔsiɖa ɖeka"
    ],
    "day": [
        "ŋkeke"
    ],
    "hour": [
        "gaƒoƒo"
    ],
    "minute": [
        "aɖabaƒoƒo"
    ],
    "second": [
        "sekend"
    ],
    "relative-type": {
        "0 day ago": [
            "egbe"
        ],
        "0 hour ago": [
            "this hour"
        ],
        "0 minute ago": [
            "this minute"
        ],
        "0 month ago": [
            "ɣleti sia"
        ],
        "0 second ago": [
            "fifi"
        ],
        "0 week ago": [
            "kɔsiɖa sia"
        ],
        "0 year ago": [
            "ƒe sia"
        ],
        "1 day ago": [
            "etsɔ si va yi"
        ],
        "1 month ago": [
            "ɣleti si va yi"
        ],
        "1 week ago": [
            "kɔsiɖa si va yi"
        ],
        "1 year ago": [
            "ƒe si va yi"
        ],
        "in 1 day": [
            "etsɔ si gbɔna"
        ],
        "in 1 month": [
            "ɣleti si gbɔ na"
        ],
        "in 1 week": [
            "kɔsiɖa si gbɔ na"
        ],
        "in 1 year": [
            "ƒe si gbɔ na"
        ]
    },
    "relative-type-regex": {
        "\\1 day ago": [
            "ŋkeke {0} si va yi",
            "ŋkeke {0} si wo va yi"
        ],
        "\\1 hour ago": [
            "gaƒoƒo {0} si va yi",
            "gaƒoƒo {0} si wo va yi"
        ],
        "\\1 minute ago": [
            "aɖabaƒoƒo {0} si va yi",
            "aɖabaƒoƒo {0} si wo va yi"
        ],
        "\\1 month ago": [
            "ɣleti {0} si va yi",
            "ɣleti {0} si wo va yi"
        ],
        "\\1 second ago": [
            "sekend {0} si va yi",
            "sekend {0} si wo va yi"
        ],
        "\\1 week ago": [
            "kɔsiɖa {0} si va yi",
            "kɔsiɖa {0} si wo va yi"
        ],
        "\\1 year ago": [
            "le ƒe {0} si va yi me",
            "ƒe {0} si va yi",
            "ƒe {0} si va yi me",
            "ƒe {0} si wo va yi"
        ],
        "in \\1 day": [
            "le ŋkeke {0} me",
            "le ŋkeke {0} wo me"
        ],
        "in \\1 hour": [
            "le gaƒoƒo {0} me",
            "le gaƒoƒo {0} wo me"
        ],
        "in \\1 minute": [
            "le aɖabaƒoƒo {0} me",
            "le aɖabaƒoƒo {0} wo me"
        ],
        "in \\1 month": [
            "le ɣleti {0} me",
            "le ɣleti {0} wo me"
        ],
        "in \\1 second": [
            "le sekend {0} me",
            "le sekend {0} wo me"
        ],
        "in \\1 week": [
            "le kɔsiɖa {0} me",
            "le kɔsiɖa {0} wo me"
        ],
        "in \\1 year": [
            "le ƒe {0} me",
            "le ƒe {0} si gbɔna me"
        ]
    },
    "locale_specific": {
        "ee-TG": {
            "name": "ee-TG"
        }
    }
}