{
    "name": "el",
    "date_order": "DMY",
    "january": [
        "ιαν",
        "ιανουάριος",
        "ιανουαρίου"
    ],
    "february": [
        "φεβ",
        "φεβρουάριος",
        "φεβρουαρίου"
    ],
    "march": [
        "μάρ",
        "μάρτιος",
        "μαρ",
        "μαρτίου"
    ],
    "april": [
        "απρ",
        "απρίλιος",
        "απριλίου"
    ],
    "may": [
        "μάι",
        "μάιος",
        "μαΐ",
        "μαΐου"
    ],
    "june": [
        "ιουν",
        "ιουνίου",
        "ιούν",
        "ιούνιος"
    ],
    "july": [
        "ιουλ",
        "ιουλίου",
        "ιούλ",
        "ιούλιος"
    ],
    "august": [
        "αυγ",
        "αυγούστου",
        "αύγ",
        "αύγουστος"
    ],
    "september": [
        "σεπ",
        "σεπτέμβριος",
        "σεπτεμβρίου"
    ],
    "october": [
        "οκτ",
        "οκτωβρίου",
        "οκτώβριος"
    ],
    "november": [
        "νοέ",
        "νοέμβριος",
        "νοε",
        "νοεμβρίου"
    ],
    "december": [
        "δεκ",
        "δεκέμβριος",
        "δεκεμβρίου"
    ],
    "monday": [
        "δευ",
        "δευτέρα"
    ],
    "tuesday": [
        "τρί",
        "τρίτη"
    ],
    "wednesday": [
        "τετ",
        "τετάρτη"
    ],
    "thursday": [
        "πέμ",
        "πέμπτη"
    ],
    "friday": [
        "παρ",
        "παρασκευή"
    ],
    "saturday": [
        "σάβ",
        "σάββατο"
    ],
    "sunday": [
        "κυρ",
        "κυριακή"
    ],
    "am": [
        "πμ"
    ],
    "pm": [
        "μμ"
    ],
    "year": [
        "έτ",
        "έτος"
    ],
    "month": [
        "μήν",
        "μήνας"
    ],
    "week": [
        "εβδ",
        "εβδομάδα"
    ],
    "day": [
        "ημέρα"
    ],
    "hour": [
        "ώ",
        "ώρ",
        "ώρα"
    ],
    "minute": [
        "λ",
        "λεπ",
        "λεπτό"
    ],
    "second": [
        "δ",
        "δευτ",
        "δευτερόλεπτο"
    ],
    "relative-type": {
        "0 day ago": [
            "σήμερα"
        ],
        "0 hour ago": [
            "αυτήν την ώρα"
        ],
        "0 minute ago": [
            "αυτό το λεπτό"
        ],
        "0 month ago": [
            "τρέχων μήνας"
        ],
        "0 second ago": [
            "τώρα"
        ],
        "0 week ago": [
            "αυτήν την εβδομάδα"
        ],
        "0 year ago": [
            "φέτος"
        ],
        "1 day ago": [
            "χθες"
        ],
        "1 month ago": [
            "προηγούμενος μήνας"
        ],
        "1 week ago": [
            "προηγούμενη εβδομάδα"
        ],
        "1 year ago": [
            "πέρσι"
        ],
        "in 1 day": [
            "αύριο"
        ],
        "in 1 month": [
            "επόμενος μήνας"
        ],
        "in 1 week": [
            "επόμενη εβδομάδα"
        ],
        "in 1 year": [
            "επόμενο έτος"
        ]
    },
    "relative-type-regex": {
        "\\1 day ago": [
            "{0} ημ πριν",
            "πριν από {0} ημέρα",
            "πριν από {0} ημέρες"
        ],
        "\\1 hour ago": [
            "{0} ώ πριν",
            "πριν από {0} ώρ",
            "πριν από {0} ώρα",
            "πριν από {0} ώρες"
        ],
        "\\1 minute ago": [
            "{0} λ πριν",
            "πριν από {0} λεπ",
            "πριν από {0} λεπτά",
            "πριν από {0} λεπτό"
        ],
        "\\1 month ago": [
            "{0} μ πριν",
            "πριν από {0} μήνα",
            "πριν από {0} μήνες"
        ],
        "\\1 second ago": [
            "{0} δ πριν",
            "πριν από {0} δευτ",
            "πριν από {0} δευτερόλεπτα",
            "πριν από {0} δευτερόλεπτο"
        ],
        "\\1 week ago": [
            "{0} εβδ πριν",
            "πριν από {0} εβδ",
            "πριν από {0} εβδομάδα",
            "πριν από {0} εβδομάδες"
        ],
        "\\1 year ago": [
            "{0} έτη πριν",
            "{0} έτος πριν",
            "πριν από {0} έτη",
            "πριν από {0} έτος"
        ],
        "in \\1 day": [
            "σε {0} ημ",
            "σε {0} ημέρα",
            "σε {0} ημέρες"
        ],
        "in \\1 hour": [
            "σε {0} ώ",
            "σε {0} ώρ",
            "σε {0} ώρα",
            "σε {0} ώρες"
        ],
        "in \\1 minute": [
            "σε {0} λ",
            "σε {0} λεπ",
            "σε {0} λεπτά",
            "σε {0} λεπτό"
        ],
        "in \\1 month": [
            "σε {0} μ",
            "σε {0} μήνα",
            "σε {0} μήνες"
        ],
        "in \\1 second": [
            "σε {0} δ",
            "σε {0} δευτ",
            "σε {0} δευτερόλεπτα",
            "σε {0} δευτερόλεπτο"
        ],
        "in \\1 week": [
            "σε {0} εβδ",
            "σε {0} εβδομάδα",
            "σε {0} εβδομάδες"
        ],
        "in \\1 year": [
            "σε {0} έτη",
            "σε {0} έτος"
        ]
    },
    "locale_specific": {
        "el-CY": {
            "name": "el-CY"
        }
    }
}