{
    "name": "en",
    "date_order": "MDY",
    "january": [
        "jan",
        "january"
    ],
    "february": [
        "feb",
        "february"
    ],
    "march": [
        "mar",
        "march"
    ],
    "april": [
        "apr",
        "april"
    ],
    "may": [
        "may"
    ],
    "june": [
        "jun",
        "june"
    ],
    "july": [
        "jul",
        "july"
    ],
    "august": [
        "aug",
        "august"
    ],
    "september": [
        "sep",
        "september"
    ],
    "october": [
        "oct",
        "october"
    ],
    "november": [
        "nov",
        "november"
    ],
    "december": [
        "dec",
        "december"
    ],
    "monday": [
        "mon",
        "monday"
    ],
    "tuesday": [
        "tue",
        "tuesday"
    ],
    "wednesday": [
        "wed",
        "wednesday"
    ],
    "thursday": [
        "thu",
        "thursday"
    ],
    "friday": [
        "fri",
        "friday"
    ],
    "saturday": [
        "sat",
        "saturday"
    ],
    "sunday": [
        "sun",
        "sunday"
    ],
    "am": [
        "am"
    ],
    "pm": [
        "pm"
    ],
    "year": [
        "year",
        "yr"
    ],
    "month": [
        "mo",
        "month"
    ],
    "week": [
        "week",
        "wk"
    ],
    "day": [
        "day"
    ],
    "hour": [
        "hour",
        "hr"
    ],
    "minute": [
        "min",
        "minute"
    ],
    "second": [
        "sec",
        "second"
    ],
    "relative-type": {
        "0 day ago": [
            "today"
        ],
        "0 hour ago": [
            "this hour"
        ],
        "0 minute ago": [
            "this minute"
        ],
        "0 month ago": [
            "this mo",
            "this month"
        ],
        "0 second ago": [
            "now"
        ],
        "0 week ago": [
            "this week",
            "this wk"
        ],
        "0 year ago": [
            "this year",
            "this yr"
        ],
        "1 day ago": [
            "yesterday"
        ],
        "1 month ago": [
            "last mo",
            "last month"
        ],
        "1 week ago": [
            "last week",
            "last wk"
        ],
        "1 year ago": [
            "last year",
            "last yr"
        ],
        "in 1 day": [
            "tomorrow"
        ],
        "in 1 month": [
            "next mo",
            "next month"
        ],
        "in 1 week": [
            "next week",
            "next wk"
        ],
        "in 1 year": [
            "next year",
            "next yr"
        ]
    },
    "relative-type-regex": {
        "\\1 day ago": [
            "{0} day ago",
            "{0} days ago"
        ],
        "\\1 hour ago": [
            "{0} hour ago",
            "{0} hours ago",
            "{0} hr ago"
        ],
        "\\1 minute ago": [
            "{0} min ago",
            "{0} minute ago",
            "{0} minutes ago"
        ],
        "\\1 month ago": [
            "{0} mo ago",
            "{0} month ago",
            "{0} months ago"
        ],
        "\\1 second ago": [
            "{0} sec ago",
            "{0} second ago",
            "{0} seconds ago"
        ],
        "\\1 week ago": [
            "{0} week ago",
            "{0} weeks ago",
            "{0} wk ago"
        ],
        "\\1 year ago": [
            "{0} year ago",
            "{0} years ago",
            "{0} yr ago"
        ],
        "in \\1 day": [
            "in {0} day",
            "in {0} days"
        ],
        "in \\1 hour": [
            "in {0} hour",
            "in {0} hours",
            "in {0} hr"
        ],
        "in \\1 minute": [
            "in {0} min",
            "in {0} minute",
            "in {0} minutes"
        ],
        "in \\1 month": [
            "in {0} mo",
            "in {0} month",
            "in {0} months"
        ],
        "in \\1 second": [
            "in {0} sec",
            "in {0} second",
            "in {0} seconds"
        ],
        "in \\1 week": [
            "in {0} week",
            "in {0} weeks",
            "in {0} wk"
        ],
        "in \\1 year": [
            "in {0} year",
            "in {0} years",
            "in {0} yr"
        ]
    },
    "locale_specific": {
        "en-001": {
            "name": "en-001",
            "date_order": "DMY"
        },
        "en-150": {
            "name": "en-150",
            "date_order": "DMY"
        },
        "en-AG": {
            "name": "en-AG",
            "date_order": "DMY"
        },
        "en-AI": {
            "name": "en-AI",
            "date_order": "DMY"
        },
        "en-AS": {
            "name": "en-AS"
        },
        "en-AT": {
            "name": "en-AT",
            "date_order": "DMY"
        },
        "en-AU": {
            "name": "en-AU",
            "date_order": "DMY",
            "hour": [
                "h"
            ]
        },
        "en-BB": {
            "name": "en-BB",
            "date_order": "DMY"
        },
        "en-BE": {
            "name": "en-BE",
            "date_order": "DMY"
        },
        "en-BI": {
            "name": "en-BI"
        },
        "en-BM": {
            "name": "en-BM",
            "date_order": "DMY"
        },
        "en-BS": {
            "name": "en-BS",
            "date_order": "DMY"
        },
        "en-BW": {
            "name": "en-BW",
            "date_order": "DMY"
        },
        "en-BZ": {
            "name": "en-BZ",
            "date_order": "DMY"
        },
        "en-CA": {
            "name": "en-CA",
            "date_order": "YMD",
            "relative-type-regex": {
                "\\1 hour ago": [
                    "{0} hrs ago"
                ],
                "\\1 minute ago": [
                    "{0} mins ago"
                ],
                "\\1 month ago": [
                    "{0} mos ago"
                ],
                "\\1 second ago": [
                    "{0} secs ago"
                ],
                "\\1 week ago": [
                    "{0} wks ago"
                ],
                "\\1 year ago": [
                    "{0} yrs ago"
                ],
                "in \\1 hour": [
                    "in {0} hrs"
                ],
                "in \\1 minute": [
                    "in {0} mins"
                ],
                "in \\1 month": [
                    "in {0} mos"
                ],
                "in \\1 second": [
                    "in {0} secs"
                ],
                "in \\1 week": [
                    "in {0} wks"
                ],
                "in \\1 year": [
                    "in {0} yrs"
                ]
            }
        },
        "en-CC": {
            "name": "en-CC",
            "date_order": "DMY"
        },
        "en-CH": {
            "name": "en-CH",
            "date_order": "DMY"
        },
        "en-CK": {
            "name": "en-CK",
            "date_order": "DMY"
        },
        "en-CM": {
            "name": "en-CM",
            "date_order": "DMY"
        },
        "en-CX": {
            "name": "en-CX",
            "date_order": "DMY"
        },
        "en-CY": {
            "name": "en-CY",
            "date_order": "DMY"
        },
        "en-DE": {
            "name": "en-DE",
            "date_order": "DMY"
        },
        "en-DG": {
            "name": "en-DG",
            "date_order": "DMY"
        },
        "en-DK": {
            "name": "en-DK",
            "date_order": "DMY"
        },
        "en-DM": {
            "name": "en-DM",
            "date_order": "DMY"
        },
        "en-ER": {
            "name": "en-ER",
            "date_order": "DMY"
        },
        "en-FI": {
            "name": "en-FI",
            "date_order": "DMY"
        },
        "en-FJ": {
            "name": "en-FJ",
            "date_order": "DMY"
        },
        "en-FK": {
            "name": "en-FK",
            "date_order": "DMY"
        },
        "en-FM": {
            "name": "en-FM",
            "date_order": "DMY"
        },
        "en-GB": {
            "name": "en-GB",
            "date_order": "DMY"
        },
        "en-GD": {
            "name": "en-GD",
            "date_order": "DMY"
        },
        "en-GG": {
            "name": "en-GG",
            "date_order": "DMY"
        },
        "en-GH": {
            "name": "en-GH",
            "date_order": "DMY"
        },
        "en-GI": {
            "name": "en-GI",
            "date_order": "DMY"
        },
        "en-GM": {
            "name": "en-GM",
            "date_order": "DMY"
        },
        "en-GU": {
            "name": "en-GU"
        },
        "en-GY": {
            "name": "en-GY",
            "date_order": "DMY"
        },
        "en-HK": {
            "name": "en-HK",
            "date_order": "DMY"
        },
        "en-IE": {
            "name": "en-IE",
            "date_order": "DMY"
        },
        "en-IL": {
            "name": "en-IL",
            "date_order": "DMY"
        },
        "en-IM": {
            "name": "en-IM",
            "date_order": "DMY"
        },
        "en-IN": {
            "name": "en-IN",
            "date_order": "DMY"
        },
        "en-IO": {
            "name": "en-IO",
            "date_order": "DMY"
        },
        "en-JE": {
            "name": "en-JE",
            "date_order": "DMY"
        },
        "en-JM": {
            "name": "en-JM",
            "date_order": "DMY"
        },
        "en-KE": {
            "name": "en-KE",
            "date_order": "DMY"
        },
        "en-KI": {
            "name": "en-KI",
            "date_order": "DMY"
        },
        "en-KN": {
            "name": "en-KN",
            "date_order": "DMY"
        },
        "en-KY": {
            "name": "en-KY",
            "date_order": "DMY"
        },
        "en-LC": {
            "name": "en-LC",
            "date_order": "DMY"
        },
        "en-LR": {
            "name": "en-LR",
            "date_order": "DMY"
        },
        "en-LS": {
            "name": "en-LS",
            "date_order": "DMY"
        },
        "en-MG": {
            "name": "en-MG",
            "date_order": "DMY"
        },
        "en-MH": {
            "name": "en-MH"
        },
        "en-MO": {
            "name": "en-MO",
            "date_order": "DMY"
        },
        "en-MP": {
            "name": "en-MP"
        },
        "en-MS": {
            "name": "en-MS",
            "date_order": "DMY"
        },
        "en-MT": {
            "name": "en-MT",
            "date_order": "DMY"
        },
        "en-MU": {
            "name": "en-MU",
            "date_order": "DMY"
        },
        "en-MW": {
            "name": "en-MW",
            "date_order": "DMY"
        },
        "en-MY": {
            "name": "en-MY",
            "date_order": "DMY"
        },
        "en-NA": {
            "name": "en-NA",
            "date_order": "DMY"
        },
        "en-NF": {
            "name": "en-NF",
            "date_order": "DMY"
        },
        "en-NG": {
            "name": "en-NG",
            "date_order": "DMY"
        },
        "en-NL": {
            "name": "en-NL",
            "date_order": "DMY"
        },
        "en-NR": {
            "name": "en-NR",
            "date_order": "DMY"
        },
        "en-NU": {
            "name": "en-NU",
            "date_order": "DMY"
        },
        "en-NZ": {
            "name": "en-NZ",
            "date_order": "DMY"
        },
        "en-PG": {
            "name": "en-PG",
            "date_order": "DMY"
        },
        "en-PH": {
            "name": "en-PH",
            "date_order": "DMY"
        },
        "en-PK": {
            "name": "en-PK",
            "date_order": "DMY"
        },
        "en-PN": {
            "name": "en-PN",
            "date_order": "DMY"
        },
        "en-PR": {
            "name": "en-PR"
        },
        "en-PW": {
            "name": "en-PW",
            "date_order": "DMY"
        },
        "en-RW": {
            "name": "en-RW",
            "date_order": "DMY"
        },
        "en-SB": {
            "name": "en-SB",
            "date_order": "DMY"
        },
        "en-SC": {
            "name": "en-SC",
            "date_order": "DMY"
        },
        "en-SD": {
            "name": "en-SD",
            "date_order": "DMY"
        },
        "en-SE": {
            "name": "en-SE",
            "date_order": "YMD"
        },
        "en-SG": {
            "name": "en-SG",
            "date_order": "DMY",
            "month": [
                "mth"
            ],
            "relative-type": {
                "0 month ago": [
                    "this mth"
                ],
                "1 month ago": [
                    "last mth"
                ],
                "in 1 month": [
                    "next mth"
                ]
            },
            "relative-type-regex": {
                "\\1 month ago": [
                    "{0} mth ago"
                ],
                "in \\1 month": [
                    "in {0} mth"
                ]
            }
        },
        "en-SH": {
            "name": "en-SH",
            "date_order": "DMY"
        },
        "en-SI": {
            "name": "en-SI",
            "date_order": "DMY"
        },
        "en-SL": {
            "name": "en-SL",
            "date_order": "DMY"
        },
        "en-SS": {
            "name": "en-SS",
            "date_order": "DMY"
        },
        "en-SX": {
            "name": "en-SX",
            "date_order": "DMY"
        },
        "en-SZ": {
            "name": "en-SZ",
            "date_order": "DMY"
        },
        "en-TC": {
            "name": "en-TC",
            "date_order": "DMY"
        },
        "en-TK": {
            "name": "en-TK",
            "date_order": "DMY"
        },
        "en-TO": {
            "name": "en-TO",
            "date_order": "DMY"
        },
        "en-TT": {
            "name": "en-TT",
            "date_order": "DMY"
        },
        "en-TV": {
            "name": "en-TV",
            "date_order": "DMY"
        },
        "en-TZ": {
            "name": "en-TZ",
            "date_order": "DMY"
        },
        "en-UG": {
            "name": "en-UG",
            "date_order": "DMY"
        },
        "en-UM": {
            "name": "en-UM"
        },
        "en-VC": {
            "name": "en-VC",
            "date_order": "DMY"
        },
        "en-VG": {
            "name": "en-VG",
            "date_order": "DMY"
        },
        "en-VI": {
            "name": "en-VI"
        },
        "en-VU": {
            "name": "en-VU",
            "date_order": "DMY"
        },
        "en-WS": {
            "name": "en-WS",
            "date_order": "DMY"
        },
        "en-ZA": {
            "name": "en-ZA",
            "date_order": "YMD"
        },
        "en-ZM": {
            "name": "en-ZM",
            "date_order": "DMY"
        },
        "en-ZW": {
            "name": "en-ZW",
            "date_order": "DMY"
        }
    }
}