{
    "name": "et",
    "date_order": "DMY",
    "january": [
        "jaan",
        "jaanuar"
    ],
    "february": [
        "veebr",
        "veebruar"
    ],
    "march": [
        "märts"
    ],
    "april": [
        "apr",
        "aprill"
    ],
    "may": [
        "mai"
    ],
    "june": [
        "juuni"
    ],
    "july": [
        "juuli"
    ],
    "august": [
        "aug",
        "august"
    ],
    "september": [
        "sept",
        "september"
    ],
    "october": [
        "okt",
        "oktoober"
    ],
    "november": [
        "nov",
        "november"
    ],
    "december": [
        "dets",
        "detsember"
    ],
    "monday": [
        "e",
        "esmaspäev"
    ],
    "tuesday": [
        "t",
        "teisipäev"
    ],
    "wednesday": [
        "k",
        "kolmapäev"
    ],
    "thursday": [
        "n",
        "neljapäev"
    ],
    "friday": [
        "r",
        "reede"
    ],
    "saturday": [
        "l",
        "laupäev"
    ],
    "sunday": [
        "p",
        "pühapäev"
    ],
    "am": [
        "am"
    ],
    "pm": [
        "pm"
    ],
    "year": [
        "a",
        "aasta"
    ],
    "month": [
        "k",
        "kuu"
    ],
    "week": [
        "näd",
        "nädal"
    ],
    "day": [
        "p",
        "päev"
    ],
    "hour": [
        "t",
        "tund"
    ],
    "minute": [
        "min",
        "minut"
    ],
    "second": [
        "s",
        "sek",
        "sekund"
    ],
    "relative-type": {
        "0 day ago": [
            "täna"
        ],
        "0 hour ago": [
            "praegusel tunnil"
        ],
        "0 minute ago": [
            "praegusel minutil"
        ],
        "0 month ago": [
            "käesolev kuu"
        ],
        "0 second ago": [
            "nüüd"
        ],
        "0 week ago": [
            "käesolev nädal"
        ],
        "0 year ago": [
            "käesolev aasta"
        ],
        "1 day ago": [
            "eile"
        ],
        "1 month ago": [
            "eelmine kuu"
        ],
        "1 week ago": [
            "eelmine nädal"
        ],
        "1 year ago": [
            "eelmine aasta"
        ],
        "in 1 day": [
            "homme"
        ],
        "in 1 month": [
            "järgmine kuu"
        ],
        "in 1 week": [
            "järgmine nädal"
        ],
        "in 1 year": [
            "järgmine aasta"
        ]
    },
    "relative-type-regex": {
        "\\1 day ago": [
            "{0} p eest",
            "{0} päeva eest"
        ],
        "\\1 hour ago": [
            "{0} t eest",
            "{0} tunni eest"
        ],
        "\\1 minute ago": [
            "{0} min eest",
            "{0} minuti eest"
        ],
        "\\1 month ago": [
            "{0} k eest",
            "{0} kuu eest"
        ],
        "\\1 second ago": [
            "{0} s eest",
            "{0} sek eest",
            "{0} sekundi eest"
        ],
        "\\1 week ago": [
            "{0} näd eest",
            "{0} nädala eest"
        ],
        "\\1 year ago": [
            "{0} a eest",
            "{0} aasta eest"
        ],
        "in \\1 day": [
            "{0} p pärast",
            "{0} päeva pärast"
        ],
        "in \\1 hour": [
            "{0} t pärast",
            "{0} tunni pärast"
        ],
        "in \\1 minute": [
            "{0} min pärast",
            "{0} minuti pärast"
        ],
        "in \\1 month": [
            "{0} k pärast",
            "{0} kuu pärast"
        ],
        "in \\1 second": [
            "{0} s pärast",
            "{0} sek pärast",
            "{0} sekundi pärast"
        ],
        "in \\1 week": [
            "{0} näd pärast",
            "{0} nädala pärast"
        ],
        "in \\1 year": [
            "{0} a pärast",
            "{0} aasta pärast"
        ]
    },
    "locale_specific": {}
}