{
    "name": "fa",
    "date_order": "YMD",
    "january": [
        "ژانویه",
        "ژانویهٔ"
    ],
    "february": [
        "فوریه",
        "فوریهٔ"
    ],
    "march": [
        "مارس"
    ],
    "april": [
        "آوریل"
    ],
    "may": [
        "مه",
        "مهٔ"
    ],
    "june": [
        "ژوئن"
    ],
    "july": [
        "ژوئیه",
        "ژوئیهٔ"
    ],
    "august": [
        "اوت"
    ],
    "september": [
        "سپتامبر"
    ],
    "october": [
        "اکتبر"
    ],
    "november": [
        "نوامبر"
    ],
    "december": [
        "دسامبر"
    ],
    "monday": [
        "دوشنبه"
    ],
    "tuesday": [
        "سه‌شنبه"
    ],
    "wednesday": [
        "چهارشنبه"
    ],
    "thursday": [
        "پنجشنبه"
    ],
    "friday": [
        "جمعه"
    ],
    "saturday": [
        "شنبه"
    ],
    "sunday": [
        "یکشنبه"
    ],
    "am": [
        "قبل‌ازظهر",
        "قظ"
    ],
    "pm": [
        "بظ",
        "بعدازظهر"
    ],
    "year": [
        "سال"
    ],
    "month": [
        "ماه"
    ],
    "week": [
        "هفته"
    ],
    "day": [
        "روز"
    ],
    "hour": [
        "ساعت"
    ],
    "minute": [
        "دقیقه"
    ],
    "second": [
        "ثانیه"
    ],
    "relative-type": {
        "0 day ago": [
            "امروز"
        ],
        "0 hour ago": [
            "همین ساعت"
        ],
        "0 minute ago": [
            "همین دقیقه"
        ],
        "0 month ago": [
            "این ماه"
        ],
        "0 second ago": [
            "اکنون"
        ],
        "0 week ago": [
            "این هفته"
        ],
        "0 year ago": [
            "امسال"
        ],
        "1 day ago": [
            "دیروز"
        ],
        "1 month ago": [
            "ماه پیش",
            "ماه گذشته"
        ],
        "1 week ago": [
            "هفتهٔ گذشته"
        ],
        "1 year ago": [
            "سال گذشته"
        ],
        "in 1 day": [
            "فردا"
        ],
        "in 1 month": [
            "ماه آینده"
        ],
        "in 1 week": [
            "هفتهٔ آینده"
        ],
        "in 1 year": [
            "سال آینده"
        ]
    },
    "relative-type-regex": {
        "\\1 day ago": [
            "{0} روز پیش"
        ],
        "\\1 hour ago": [
            "{0} ساعت پیش"
        ],
        "\\1 minute ago": [
            "{0} دقیقه پیش"
        ],
        "\\1 month ago": [
            "{0} ماه پیش"
        ],
        "\\1 second ago": [
            "{0} ثانیه پیش"
        ],
        "\\1 week ago": [
            "{0} هفته پیش"
        ],
        "\\1 year ago": [
            "{0} سال پیش"
        ],
        "in \\1 day": [
            "{0} روز بعد"
        ],
        "in \\1 hour": [
            "{0} ساعت بعد"
        ],
        "in \\1 minute": [
            "{0} دقیقه بعد"
        ],
        "in \\1 month": [
            "{0} ماه بعد"
        ],
        "in \\1 second": [
            "{0} ثانیه بعد"
        ],
        "in \\1 week": [
            "{0} هفته بعد"
        ],
        "in \\1 year": [
            "{0} سال بعد"
        ]
    },
    "locale_specific": {
        "fa-AF": {
            "name": "fa-AF",
            "january": [
                "جنو",
                "جنوری"
            ],
            "february": [
                "فبروری"
            ],
            "march": [
                "مارچ"
            ],
            "april": [
                "اپریل"
            ],
            "may": [
                "می"
            ],
            "june": [
                "جون"
            ],
            "july": [
                "جول",
                "جولای"
            ],
            "august": [
                "اگست"
            ],
            "september": [
                "سپتمبر"
            ],
            "october": [
                "اکتوبر"
            ],
            "november": [
                "نومبر"
            ],
            "december": [
                "دسم",
                "دسمبر"
            ]
        }
    }
}