{
    "name": "fi",
    "date_order": "DMY",
    "january": [
        "tammi",
        "tammik",
        "tammikuu",
        "tammikuuta"
    ],
    "february": [
        "helmi",
        "helmik",
        "helmikuu",
        "helmikuuta"
    ],
    "march": [
        "maalis",
        "maalisk",
        "maaliskuu",
        "maaliskuuta"
    ],
    "april": [
        "huhti",
        "huhtik",
        "huhtikuu",
        "huhtikuuta"
    ],
    "may": [
        "touko",
        "toukok",
        "toukokuu",
        "toukokuuta"
    ],
    "june": [
        "kesä",
        "kesäk",
        "kesäkuu",
        "kesäkuuta"
    ],
    "july": [
        "heinä",
        "heinäk",
        "heinäkuu",
        "heinäkuuta"
    ],
    "august": [
        "elo",
        "elok",
        "elokuu",
        "elokuuta"
    ],
    "september": [
        "syys",
        "syysk",
        "syyskuu",
        "syyskuuta"
    ],
    "october": [
        "loka",
        "lokak",
        "lokakuu",
        "lokakuuta"
    ],
    "november": [
        "marras",
        "marrask",
        "marraskuu",
        "marraskuuta"
    ],
    "december": [
        "joulu",
        "jouluk",
        "joulukuu",
        "joulukuuta"
    ],
    "monday": [
        "ma",
        "maanantai",
        "maanantaina"
    ],
    "tuesday": [
        "ti",
        "tiistai",
        "tiistaina"
    ],
    "wednesday": [
        "ke",
        "keskiviikko",
        "keskiviikkona"
    ],
    "thursday": [
        "to",
        "torstai",
        "torstaina"
    ],
    "friday": [
        "pe",
        "perjantai",
        "perjantaina"
    ],
    "saturday": [
        "la",
        "lauantai",
        "lauantaina"
    ],
    "sunday": [
        "su",
        "sunnuntai",
        "sunnuntaina"
    ],
    "am": [
        "ap"
    ],
    "pm": [
        "ip"
    ],
    "year": [
        "v",
        "vuosi"
    ],
    "month": [
        "kk",
        "kuukausi"
    ],
    "week": [
        "viikko",
        "vk"
    ],
    "day": [
        "pv",
        "päivä"
    ],
    "hour": [
        "t",
        "tunti"
    ],
    "minute": [
        "min",
        "minuutti"
    ],
    "second": [
        "s",
        "sekunti"
    ],
    "relative-type": {
        "0 day ago": [
            "tänään"
        ],
        "0 hour ago": [
            "tunnin sisällä",
            "tämän tunnin aikana"
        ],
        "0 minute ago": [
            "minuutin sisällä",
            "tämän minuutin aikana"
        ],
        "0 month ago": [
            "tässä kk",
            "tässä kuussa"
        ],
        "0 second ago": [
            "nyt"
        ],
        "0 week ago": [
            "tällä viikolla",
            "tällä vk"
        ],
        "0 year ago": [
            "tänä v",
            "tänä vuonna"
        ],
        "1 day ago": [
            "eilen"
        ],
        "1 month ago": [
            "viime kk",
            "viime kuussa"
        ],
        "1 week ago": [
            "viime viikolla",
            "viime vk"
        ],
        "1 year ago": [
            "viime v",
            "viime vuonna"
        ],
        "in 1 day": [
            "huom",
            "huomenna"
        ],
        "in 1 month": [
            "ensi kk",
            "ensi kuussa"
        ],
        "in 1 week": [
            "ensi viikolla",
            "ensi vk"
        ],
        "in 1 year": [
            "ensi v",
            "ensi vuonna"
        ]
    },
    "relative-type-regex": {
        "\\1 day ago": [
            "{0} pv sitten",
            "{0} päivä sitten",
            "{0} päivää sitten"
        ],
        "\\1 hour ago": [
            "{0} t sitten",
            "{0} tunti sitten",
            "{0} tuntia sitten"
        ],
        "\\1 minute ago": [
            "{0} min sitten",
            "{0} minuutti sitten",
            "{0} minuuttia sitten"
        ],
        "\\1 month ago": [
            "{0} kk sitten",
            "{0} kuukausi sitten",
            "{0} kuukautta sitten"
        ],
        "\\1 second ago": [
            "{0} s sitten",
            "{0} sekunti sitten",
            "{0} sekuntia sitten"
        ],
        "\\1 week ago": [
            "{0} viikko sitten",
            "{0} viikkoa sitten",
            "{0} vk sitten"
        ],
        "\\1 year ago": [
            "{0} v sitten",
            "{0} vuosi sitten",
            "{0} vuotta sitten"
        ],
        "in \\1 day": [
            "{0} pv päästä",
            "{0} päivän päästä"
        ],
        "in \\1 hour": [
            "{0} t päästä",
            "{0} tunnin päästä"
        ],
        "in \\1 minute": [
            "{0} min päästä",
            "{0} minuutin päästä"
        ],
        "in \\1 month": [
            "{0} kk päästä",
            "{0} kuukauden päästä"
        ],
        "in \\1 second": [
            "{0} s päästä",
            "{0} sekunnin päästä"
        ],
        "in \\1 week": [
            "{0} viikon päästä",
            "{0} vk päästä"
        ],
        "in \\1 year": [
            "{0} v päästä",
            "{0} vuoden päästä"
        ]
    },
    "locale_specific": {}
}