{
    "name": "fil",
    "date_order": "MDY",
    "january": [
        "ene",
        "enero"
    ],
    "february": [
        "peb",
        "pebrero"
    ],
    "march": [
        "mar",
        "marso"
    ],
    "april": [
        "abr",
        "abril"
    ],
    "may": [
        "may",
        "mayo"
    ],
    "june": [
        "hun",
        "hunyo"
    ],
    "july": [
        "hul",
        "hulyo"
    ],
    "august": [
        "ago",
        "agosto"
    ],
    "september": [
        "set",
        "setyembre"
    ],
    "october": [
        "okt",
        "oktubre"
    ],
    "november": [
        "nob",
        "nobyembre"
    ],
    "december": [
        "dis",
        "disyembre"
    ],
    "monday": [
        "lun",
        "lunes"
    ],
    "tuesday": [
        "mar",
        "martes"
    ],
    "wednesday": [
        "miy",
        "miyerkules"
    ],
    "thursday": [
        "huw",
        "huwebes"
    ],
    "friday": [
        "biy",
        "biyernes"
    ],
    "saturday": [
        "sab",
        "sabado"
    ],
    "sunday": [
        "lin",
        "linggo"
    ],
    "am": [
        "am"
    ],
    "pm": [
        "pm"
    ],
    "year": [
        "taon"
    ],
    "month": [
        "buwan"
    ],
    "week": [
        "linggo"
    ],
    "day": [
        "araw"
    ],
    "hour": [
        "oras"
    ],
    "minute": [
        "min",
        "minuto"
    ],
    "second": [
        "seg",
        "segundo"
    ],
    "relative-type": {
        "0 day ago": [
            "ngayong araw"
        ],
        "0 hour ago": [
            "ngayong oras"
        ],
        "0 minute ago": [
            "sa minutong ito"
        ],
        "0 month ago": [
            "ngayong buwan"
        ],
        "0 second ago": [
            "ngayon"
        ],
        "0 week ago": [
            "ngayong linggo",
            "sa linggong ito"
        ],
        "0 year ago": [
            "ngayong taon"
        ],
        "1 day ago": [
            "kahapon"
        ],
        "1 month ago": [
            "nakaraang buwan"
        ],
        "1 week ago": [
            "nakalipas na linggo",
            "nakaraang linggo"
        ],
        "1 year ago": [
            "nakaraang taon"
        ],
        "in 1 day": [
            "bukas"
        ],
        "in 1 month": [
            "susunod na buwan"
        ],
        "in 1 week": [
            "susunod na linggo"
        ],
        "in 1 year": [
            "susunod na taon"
        ]
    },
    "relative-type-regex": {
        "\\1 day ago": [
            "{0} araw ang nakalipas"
        ],
        "\\1 hour ago": [
            "{0} oras ang nakalipas",
            "{0} oras nakalipas"
        ],
        "\\1 minute ago": [
            "{0} min ang nakalipas",
            "{0} minuto ang nakalipas"
        ],
        "\\1 month ago": [
            "{0} buwan ang nakalipas"
        ],
        "\\1 second ago": [
            "{0} seg ang nakalipas",
            "{0} seg nakalipas",
            "{0} segundo ang nakalipas"
        ],
        "\\1 week ago": [
            "{0} linggo ang nakalipas"
        ],
        "\\1 year ago": [
            "{0} taon ang nakalipas"
        ],
        "in \\1 day": [
            "sa {0} araw"
        ],
        "in \\1 hour": [
            "sa {0} oras"
        ],
        "in \\1 minute": [
            "sa {0} min",
            "sa {0} minuto"
        ],
        "in \\1 month": [
            "sa {0} buwan"
        ],
        "in \\1 second": [
            "sa {0} seg",
            "sa {0} segundo"
        ],
        "in \\1 week": [
            "sa {0} linggo"
        ],
        "in \\1 year": [
            "sa {0} taon"
        ]
    },
    "locale_specific": {}
}