{
    "name": "fo",
    "date_order": "DMY",
    "january": [
        "jan",
        "januar"
    ],
    "february": [
        "feb",
        "februar"
    ],
    "march": [
        "mar",
        "mars"
    ],
    "april": [
        "apr",
        "apríl"
    ],
    "may": [
        "mai"
    ],
    "june": [
        "jun",
        "juni"
    ],
    "july": [
        "jul",
        "juli"
    ],
    "august": [
        "aug",
        "august"
    ],
    "september": [
        "sep",
        "september"
    ],
    "october": [
        "okt",
        "oktober"
    ],
    "november": [
        "nov",
        "november"
    ],
    "december": [
        "des",
        "desember"
    ],
    "monday": [
        "mán",
        "mánadagur"
    ],
    "tuesday": [
        "týs",
        "týsdagur"
    ],
    "wednesday": [
        "mik",
        "mikudagur"
    ],
    "thursday": [
        "hós",
        "hósdagur"
    ],
    "friday": [
        "frí",
        "fríggjadagur"
    ],
    "saturday": [
        "ley",
        "leygardagur"
    ],
    "sunday": [
        "sun",
        "sunnudagur"
    ],
    "am": [
        "am"
    ],
    "pm": [
        "pm"
    ],
    "year": [
        "ár"
    ],
    "month": [
        "mnð",
        "mánaður"
    ],
    "week": [
        "v",
        "vi",
        "vika"
    ],
    "day": [
        "d",
        "da",
        "dagur"
    ],
    "hour": [
        "t",
        "tími"
    ],
    "minute": [
        "m",
        "min",
        "minuttur"
    ],
    "second": [
        "s",
        "sek",
        "sekund"
    ],
    "relative-type": {
        "0 day ago": [
            "í dag"
        ],
        "0 hour ago": [
            "hendan tíman"
        ],
        "0 minute ago": [
            "hendan minuttin"
        ],
        "0 month ago": [
            "henda mánaðin"
        ],
        "0 second ago": [
            "nú"
        ],
        "0 week ago": [
            "hesu viku"
        ],
        "0 year ago": [
            "í ár"
        ],
        "1 day ago": [
            "í gjár"
        ],
        "1 month ago": [
            "seinasta mánað"
        ],
        "1 week ago": [
            "seinastu viku"
        ],
        "1 year ago": [
            "í fjør"
        ],
        "in 1 day": [
            "í morgin"
        ],
        "in 1 month": [
            "næsta mánað"
        ],
        "in 1 week": [
            "næstu viku"
        ],
        "in 1 year": [
            "næsta ár"
        ]
    },
    "relative-type-regex": {
        "\\1 day ago": [
            "{0} d síðan",
            "{0} da síðan",
            "{0} dagar síðan",
            "{0} dagur síðan"
        ],
        "\\1 hour ago": [
            "{0} t síðan",
            "{0} tímar síðan",
            "{0} tími síðan"
        ],
        "\\1 minute ago": [
            "{0} m síðan",
            "{0} min síðan",
            "{0} minutt síðan",
            "{0} minuttir síðan"
        ],
        "\\1 month ago": [
            "{0} mnð síðan",
            "{0} mánað síðan",
            "{0} mánaðir síðan"
        ],
        "\\1 second ago": [
            "{0} s síðan",
            "{0} sek síðan",
            "{0} sekund síðan"
        ],
        "\\1 week ago": [
            "{0} v síðan",
            "{0} vi síðan",
            "{0} vika síðan",
            "{0} vikur síðan"
        ],
        "\\1 year ago": [
            "{0} ár síðan"
        ],
        "in \\1 day": [
            "um {0} d",
            "um {0} da",
            "um {0} dag",
            "um {0} dagar"
        ],
        "in \\1 hour": [
            "um {0} t",
            "um {0} tíma",
            "um {0} tímar"
        ],
        "in \\1 minute": [
            "um {0} m",
            "um {0} min",
            "um {0} minutt",
            "um {0} minuttir"
        ],
        "in \\1 month": [
            "um {0} mnð",
            "um {0} mánað",
            "um {0} mánaðir"
        ],
        "in \\1 second": [
            "um {0} s",
            "um {0} sek",
            "um {0} sekund"
        ],
        "in \\1 week": [
            "um {0} v",
            "um {0} vi",
            "um {0} viku",
            "um {0} vikur"
        ],
        "in \\1 year": [
            "um {0} ár"
        ]
    },
    "locale_specific": {
        "fo-DK": {
            "name": "fo-DK"
        }
    }
}