{
    "name": "fur",
    "date_order": "DMY",
    "january": [
        "zen",
        "zenâr"
    ],
    "february": [
        "fev",
        "fevrâr"
    ],
    "march": [
        "mar",
        "març"
    ],
    "april": [
        "avr",
        "avrîl"
    ],
    "may": [
        "mai"
    ],
    "june": [
        "jug",
        "jugn"
    ],
    "july": [
        "lui"
    ],
    "august": [
        "avo",
        "avost"
    ],
    "september": [
        "set",
        "setembar"
    ],
    "october": [
        "otu",
        "otubar"
    ],
    "november": [
        "nov",
        "novembar"
    ],
    "december": [
        "dic",
        "dicembar"
    ],
    "monday": [
        "lun",
        "lunis"
    ],
    "tuesday": [
        "mar",
        "martars"
    ],
    "wednesday": [
        "mie",
        "miercus"
    ],
    "thursday": [
        "joi",
        "joibe"
    ],
    "friday": [
        "vin",
        "vinars"
    ],
    "saturday": [
        "sab",
        "sabide"
    ],
    "sunday": [
        "dom",
        "domenie"
    ],
    "am": [
        "a"
    ],
    "pm": [
        "p"
    ],
    "year": [
        "an"
    ],
    "month": [
        "mês"
    ],
    "week": [
        "setemane"
    ],
    "day": [
        "dì"
    ],
    "hour": [
        "ore"
    ],
    "minute": [
        "minût"
    ],
    "second": [
        "secont"
    ],
    "relative-type": {
        "0 day ago": [
            "vuê"
        ],
        "0 hour ago": [
            "this hour"
        ],
        "0 minute ago": [
            "this minute"
        ],
        "0 month ago": [
            "this month"
        ],
        "0 second ago": [
            "now"
        ],
        "0 week ago": [
            "this week"
        ],
        "0 year ago": [
            "this year"
        ],
        "1 day ago": [
            "îr"
        ],
        "1 month ago": [
            "last month"
        ],
        "1 week ago": [
            "last week"
        ],
        "1 year ago": [
            "last year"
        ],
        "in 1 day": [
            "doman"
        ],
        "in 1 month": [
            "next month"
        ],
        "in 1 week": [
            "next week"
        ],
        "in 1 year": [
            "next year"
        ]
    },
    "relative-type-regex": {
        "\\1 day ago": [
            "{0} zornade indaûr",
            "{0} zornadis indaûr"
        ],
        "\\1 hour ago": [
            "{0} ore indaûr",
            "{0} oris indaûr"
        ],
        "\\1 minute ago": [
            "{0} minût indaûr",
            "{0} minûts indaûr"
        ],
        "\\1 month ago": [
            "{0} mês indaûr"
        ],
        "\\1 second ago": [
            "{0} secont indaûr",
            "{0} seconts indaûr"
        ],
        "\\1 week ago": [
            "{0} setemane indaûr",
            "{0} setemanis indaûr"
        ],
        "\\1 year ago": [
            "{0} agns indaûr",
            "{0} an indaûr"
        ],
        "in \\1 day": [
            "ca di {0} zornade",
            "ca di {0} zornadis"
        ],
        "in \\1 hour": [
            "ca di {0} ore",
            "ca di {0} oris"
        ],
        "in \\1 minute": [
            "ca di {0} minût",
            "ca di {0} minûts"
        ],
        "in \\1 month": [
            "ca di {0} mês"
        ],
        "in \\1 second": [
            "ca di {0} secont",
            "ca di {0} seconts"
        ],
        "in \\1 week": [
            "ca di {0} setemane",
            "ca di {0} setemanis"
        ],
        "in \\1 year": [
            "ca di {0} agns",
            "ca di {0} an"
        ]
    },
    "locale_specific": {}
}