{
    "name": "fy",
    "date_order": "DMY",
    "january": [
        "jan",
        "jannewaris"
    ],
    "february": [
        "feb",
        "febrewaris"
    ],
    "march": [
        "maart",
        "mrt"
    ],
    "april": [
        "apr",
        "april"
    ],
    "may": [
        "maaie",
        "mai"
    ],
    "june": [
        "jun",
        "juny"
    ],
    "july": [
        "jul",
        "july"
    ],
    "august": [
        "aug",
        "augustus"
    ],
    "september": [
        "sep",
        "septimber"
    ],
    "october": [
        "okt",
        "oktober"
    ],
    "november": [
        "nov",
        "novimber"
    ],
    "december": [
        "des",
        "desimber"
    ],
    "monday": [
        "mo",
        "moandei"
    ],
    "tuesday": [
        "ti",
        "tiisdei"
    ],
    "wednesday": [
        "wo",
        "woansdei"
    ],
    "thursday": [
        "to",
        "tongersdei"
    ],
    "friday": [
        "fr",
        "freed"
    ],
    "saturday": [
        "sneon",
        "so"
    ],
    "sunday": [
        "si",
        "snein"
    ],
    "am": [
        "am"
    ],
    "pm": [
        "pm"
    ],
    "year": [
        "jier"
    ],
    "month": [
        "moanne"
    ],
    "week": [
        "wike"
    ],
    "day": [
        "dei"
    ],
    "hour": [
        "oere"
    ],
    "minute": [
        "minút"
    ],
    "second": [
        "sekonde"
    ],
    "relative-type": {
        "0 day ago": [
            "vandaag"
        ],
        "0 hour ago": [
            "this hour"
        ],
        "0 minute ago": [
            "this minute"
        ],
        "0 month ago": [
            "dizze moanne"
        ],
        "0 second ago": [
            "nu"
        ],
        "0 week ago": [
            "dizze wike"
        ],
        "0 year ago": [
            "dit jier"
        ],
        "1 day ago": [
            "gisteren"
        ],
        "1 month ago": [
            "foarige moanne"
        ],
        "1 week ago": [
            "foarige wike"
        ],
        "1 year ago": [
            "foarich jier"
        ],
        "in 1 day": [
            "morgen"
        ],
        "in 1 month": [
            "folgjende moanne"
        ],
        "in 1 week": [
            "folgjende wike"
        ],
        "in 1 year": [
            "folgjend jier"
        ]
    },
    "relative-type-regex": {
        "\\1 day ago": [
            "{0} dei lyn",
            "{0} deien lyn"
        ],
        "\\1 hour ago": [
            "{0} oere lyn"
        ],
        "\\1 minute ago": [
            "{0} minuten lyn",
            "{0} minút lyn"
        ],
        "\\1 month ago": [
            "{0} moanne lyn",
            "{0} moannen lyn"
        ],
        "\\1 second ago": [
            "{0} sekonde lyn",
            "{0} sekonden lyn"
        ],
        "\\1 week ago": [
            "{0} wike lyn",
            "{0} wiken lyn"
        ],
        "\\1 year ago": [
            "{0} jier lyn"
        ],
        "in \\1 day": [
            "oer {0} dei",
            "oer {0} deien"
        ],
        "in \\1 hour": [
            "oer {0} oere"
        ],
        "in \\1 minute": [
            "oer {0} minuten",
            "oer {0} minút"
        ],
        "in \\1 month": [
            "oer {0} moanne",
            "oer {0} moannen"
        ],
        "in \\1 second": [
            "oer {0} sekonde",
            "oer {0} sekonden"
        ],
        "in \\1 week": [
            "oer {0} wike",
            "oer {0} wiken"
        ],
        "in \\1 year": [
            "oer {0} jier"
        ]
    },
    "locale_specific": {}
}