{
    "name": "ga",
    "date_order": "DMY",
    "january": [
        "ean",
        "eanáir"
    ],
    "february": [
        "feabh",
        "feabhra"
    ],
    "march": [
        "márta"
    ],
    "april": [
        "aib",
        "aibreán"
    ],
    "may": [
        "beal",
        "bealtaine"
    ],
    "june": [
        "meith",
        "meitheamh"
    ],
    "july": [
        "iúil"
    ],
    "august": [
        "lún",
        "lúnasa"
    ],
    "september": [
        "meán fómhair",
        "mfómh"
    ],
    "october": [
        "deireadh fómhair",
        "dfómh"
    ],
    "november": [
        "samh",
        "samhain"
    ],
    "december": [
        "noll",
        "nollaig"
    ],
    "monday": [
        "dé luain",
        "luan"
    ],
    "tuesday": [
        "dé máirt",
        "máirt"
    ],
    "wednesday": [
        "céad",
        "dé céadaoin"
    ],
    "thursday": [
        "déar",
        "déardaoin"
    ],
    "friday": [
        "aoine",
        "dé haoine"
    ],
    "saturday": [
        "dé sathairn",
        "sath"
    ],
    "sunday": [
        "domh",
        "dé domhnaigh"
    ],
    "am": [
        "am"
    ],
    "pm": [
        "pm"
    ],
    "year": [
        "bl",
        "bliain"
    ],
    "month": [
        "mí"
    ],
    "week": [
        "scht",
        "seachtain"
    ],
    "day": [
        "lá"
    ],
    "hour": [
        "u",
        "uair"
    ],
    "minute": [
        "n",
        "nóim",
        "nóiméad"
    ],
    "second": [
        "s",
        "soic",
        "soicind"
    ],
    "relative-type": {
        "0 day ago": [
            "inniu"
        ],
        "0 hour ago": [
            "an uair seo"
        ],
        "0 minute ago": [
            "an nóiméad seo"
        ],
        "0 month ago": [
            "an mhí seo"
        ],
        "0 second ago": [
            "anois"
        ],
        "0 week ago": [
            "an tscht seo",
            "an tseachtain seo"
        ],
        "0 year ago": [
            "an bhl seo",
            "an bhliain seo"
        ],
        "1 day ago": [
            "inné"
        ],
        "1 month ago": [
            "an mhí seo caite"
        ],
        "1 week ago": [
            "an tscht seo caite",
            "an tseachtain seo caite"
        ],
        "1 year ago": [
            "anuraidh"
        ],
        "in 1 day": [
            "amárach"
        ],
        "in 1 month": [
            "an mhí seo chugainn"
        ],
        "in 1 week": [
            "an tscht seo chugainn",
            "an tseachtain seo chugainn"
        ],
        "in 1 year": [
            "an bhl seo chugainn",
            "an bhliain seo chugainn"
        ]
    },
    "relative-type-regex": {
        "\\1 day ago": [
            "{0} lá ó shin"
        ],
        "\\1 hour ago": [
            "{0} uair an chloig ó shin",
            "{0} uair ó shin"
        ],
        "\\1 minute ago": [
            "{0} nóim ó shin",
            "{0} nóiméad ó shin"
        ],
        "\\1 month ago": [
            "{0} mhí ó shin",
            "{0} mí ó shin"
        ],
        "\\1 second ago": [
            "{0} soic ó shin",
            "{0} soicind ó shin"
        ],
        "\\1 week ago": [
            "{0} scht ó shin",
            "{0} seachtain ó shin"
        ],
        "\\1 year ago": [
            "{0} bhl ó shin",
            "{0} bhliain ó shin",
            "{0} bl ó shin",
            "{0} bliain ó shin"
        ],
        "in \\1 day": [
            "i gceann {0} lá"
        ],
        "in \\1 hour": [
            "i gceann {0} uair",
            "i gceann {0} uair an chloig"
        ],
        "in \\1 minute": [
            "i gceann {0} nóim",
            "i gceann {0} nóiméad"
        ],
        "in \\1 month": [
            "i gceann {0} mhí",
            "i gceann {0} mí"
        ],
        "in \\1 second": [
            "i gceann {0} soic",
            "i gceann {0} soicind"
        ],
        "in \\1 week": [
            "i gceann {0} scht",
            "i gceann {0} seachtain"
        ],
        "in \\1 year": [
            "i gceann {0} bhliain",
            "i gceann {0} bl",
            "i gceann {0} bliain"
        ]
    },
    "locale_specific": {}
}