{
    "name": "gd",
    "date_order": "DMY",
    "january": [
        "am faoilleach",
        "dhen fhaoilleach",
        "faoi"
    ],
    "february": [
        "an gearran",
        "dhen ghearran",
        "gearr"
    ],
    "march": [
        "am màrt",
        "dhen mhàrt",
        "màrt"
    ],
    "april": [
        "an giblean",
        "dhen ghiblean",
        "gibl"
    ],
    "may": [
        "an cèitean",
        "cèit",
        "dhen chèitean"
    ],
    "june": [
        "an t-ògmhios",
        "dhen ògmhios",
        "ògmh"
    ],
    "july": [
        "an t-iuchar",
        "dhen iuchar",
        "iuch"
    ],
    "august": [
        "an lùnastal",
        "dhen lùnastal",
        "lùna"
    ],
    "september": [
        "an t-sultain",
        "dhen t-sultain",
        "sult"
    ],
    "october": [
        "an dàmhair",
        "dhen dàmhair",
        "dàmh"
    ],
    "november": [
        "an t-samhain",
        "dhen t-samhain",
        "samh"
    ],
    "december": [
        "an dùbhlachd",
        "dhen dùbhlachd",
        "dùbh"
    ],
    "monday": [
        "dil",
        "diluain"
    ],
    "tuesday": [
        "dim",
        "dimàirt"
    ],
    "wednesday": [
        "dic",
        "diciadain"
    ],
    "thursday": [
        "dia",
        "diardaoin"
    ],
    "friday": [
        "dih",
        "dihaoine"
    ],
    "saturday": [
        "dis",
        "disathairne"
    ],
    "sunday": [
        "did",
        "didòmhnaich"
    ],
    "am": [
        "m"
    ],
    "pm": [
        "f"
    ],
    "year": [
        "bl",
        "blia",
        "bliadhna"
    ],
    "month": [
        "mì",
        "mìos"
    ],
    "week": [
        "seachd",
        "seachdain",
        "sn"
    ],
    "day": [
        "latha",
        "là"
    ],
    "hour": [
        "u",
        "uair",
        "uair a thìde"
    ],
    "minute": [
        "m",
        "mion",
        "mionaid"
    ],
    "second": [
        "d",
        "diog"
    ],
    "relative-type": {
        "0 day ago": [
            "an-diugh"
        ],
        "0 hour ago": [
            "this hour"
        ],
        "0 minute ago": [
            "this minute"
        ],
        "0 month ago": [
            "am mì seo",
            "am mìos seo"
        ],
        "0 second ago": [
            "an-dràsta"
        ],
        "0 week ago": [
            "an t-seachd seo",
            "an t-seachdain seo",
            "an t-sn seo"
        ],
        "0 year ago": [
            "am bl",
            "am bliadhna"
        ],
        "1 day ago": [
            "an-dè"
        ],
        "1 month ago": [
            "am mìos sa chaidh",
            "am mìos seo chaidh",
            "mì ch"
        ],
        "1 week ago": [
            "an t-seachdain seo chaidh",
            "seachd sa chaidh",
            "sn ch"
        ],
        "1 year ago": [
            "an-uir",
            "an-uiridh"
        ],
        "in 1 day": [
            "a-màireach"
        ],
        "in 1 month": [
            "an ath-mhìos",
            "ath-mhì"
        ],
        "in 1 week": [
            "an ath-sheachd",
            "an ath-sheachdain",
            "ath-shn"
        ],
        "in 1 year": [
            "an ath-bhl",
            "an ath-bhliadhna"
        ]
    },
    "relative-type-regex": {
        "\\1 day ago": [
            "o {0} là",
            "{0} latha air ais"
        ],
        "\\1 hour ago": [
            "o {0} uair",
            "{0} uair a thìde air ais"
        ],
        "\\1 minute ago": [
            "o {0} mhion",
            "o {0} mion",
            "{0} mhionaid air ais",
            "{0} mionaid air ais"
        ],
        "\\1 month ago": [
            "o {0} mhìos",
            "o {0} mìos",
            "{0} mhìos air ais",
            "{0} mìos air ais"
        ],
        "\\1 second ago": [
            "o {0} diog",
            "{0} diog air ais"
        ],
        "\\1 week ago": [
            "o {0} seachd",
            "o {0} sheachd",
            "{0} seachdain air ais"
        ],
        "\\1 year ago": [
            "o {0} bhlia",
            "o {0} blia",
            "{0} bhliadhna air ais",
            "{0} bliadhna air ais"
        ],
        "in \\1 day": [
            "an ceann {0} latha",
            "an {0} là"
        ],
        "in \\1 hour": [
            "an ceann {0} uair a thìde",
            "an {0} uair"
        ],
        "in \\1 minute": [
            "an ceann {0} mhionaid",
            "an ceann {0} mionaid",
            "an {0} mhion",
            "an {0} mion"
        ],
        "in \\1 month": [
            "an ceann {0} mhìosa",
            "an ceann {0} mìosa",
            "an {0} mhìos",
            "an {0} mìos"
        ],
        "in \\1 second": [
            "an ceann {0} diog",
            "an {0} diog"
        ],
        "in \\1 week": [
            "an ceann {0} seachdain",
            "an {0} seachd",
            "an {0} sheachd"
        ],
        "in \\1 year": [
            "an ceann {0} bhliadhna",
            "an ceann {0} bliadhna",
            "an {0} bhlia",
            "an {0} blia"
        ]
    },
    "locale_specific": {}
}