{
    "name": "gu",
    "date_order": "DMY",
    "january": [
        "જાન્યુ",
        "જાન્યુઆરી"
    ],
    "february": [
        "ફેબ્રુ",
        "ફેબ્રુઆરી"
    ],
    "march": [
        "માર્ચ"
    ],
    "april": [
        "એપ્રિલ"
    ],
    "may": [
        "મે"
    ],
    "june": [
        "જૂન"
    ],
    "july": [
        "જુલાઈ"
    ],
    "august": [
        "ઑગસ્ટ"
    ],
    "september": [
        "સપ્ટે",
        "સપ્ટેમ્બર"
    ],
    "october": [
        "ઑક્ટો",
        "ઑક્ટોબર"
    ],
    "november": [
        "નવે",
        "નવેમ્બર"
    ],
    "december": [
        "ડિસે",
        "ડિસેમ્બર"
    ],
    "monday": [
        "સોમ",
        "સોમવાર"
    ],
    "tuesday": [
        "મંગળ",
        "મંગળવાર"
    ],
    "wednesday": [
        "બુધ",
        "બુધવાર"
    ],
    "thursday": [
        "ગુરુ",
        "ગુરુવાર"
    ],
    "friday": [
        "શુક્ર",
        "શુક્રવાર"
    ],
    "saturday": [
        "શનિ",
        "શનિવાર"
    ],
    "sunday": [
        "રવિ",
        "રવિવાર"
    ],
    "am": [
        "am"
    ],
    "pm": [
        "pm"
    ],
    "year": [
        "વ",
        "વર્ષ"
    ],
    "month": [
        "મ",
        "મહિનો"
    ],
    "week": [
        "અઠ",
        "અઠવાડિયું"
    ],
    "day": [
        "દિવસ"
    ],
    "hour": [
        "ક",
        "કલાક"
    ],
    "minute": [
        "મિ",
        "મિનિટ"
    ],
    "second": [
        "સે",
        "સેકન્ડ"
    ],
    "relative-type": {
        "0 day ago": [
            "આજે"
        ],
        "0 hour ago": [
            "આ કલાક"
        ],
        "0 minute ago": [
            "આ મિનિટ"
        ],
        "0 month ago": [
            "આ મહિને"
        ],
        "0 second ago": [
            "હમણાં"
        ],
        "0 week ago": [
            "આ અઠવાડિયે"
        ],
        "0 year ago": [
            "આ વર્ષે"
        ],
        "1 day ago": [
            "ગઈકાલે"
        ],
        "1 month ago": [
            "ગયા મહિને"
        ],
        "1 week ago": [
            "ગયા અઠવાડિયે"
        ],
        "1 year ago": [
            "ગયા વર્ષે"
        ],
        "in 1 day": [
            "આવતીકાલે"
        ],
        "in 1 month": [
            "આવતા મહિને"
        ],
        "in 1 week": [
            "આવતા અઠવાડિયે"
        ],
        "in 1 year": [
            "આવતા વર્ષે"
        ]
    },
    "relative-type-regex": {
        "\\1 day ago": [
            "{0} દિવસ પહેલાં"
        ],
        "\\1 hour ago": [
            "{0} કલાક પહેલાં"
        ],
        "\\1 minute ago": [
            "{0} મિનિટ પહેલાં"
        ],
        "\\1 month ago": [
            "{0} મહિના પહેલાં"
        ],
        "\\1 second ago": [
            "{0} સેકંડ પહેલાં"
        ],
        "\\1 week ago": [
            "{0} અઠ પહેલાં",
            "{0} અઠવાડિયા પહેલાં"
        ],
        "\\1 year ago": [
            "{0} વર્ષ પહેલા",
            "{0} વર્ષ પહેલાં"
        ],
        "in \\1 day": [
            "{0} દિવસમાં"
        ],
        "in \\1 hour": [
            "{0} કલાકમાં"
        ],
        "in \\1 minute": [
            "{0} મિનિટમાં"
        ],
        "in \\1 month": [
            "{0} મહિનામાં"
        ],
        "in \\1 second": [
            "{0} સેકંડમાં"
        ],
        "in \\1 week": [
            "{0} અઠ માં",
            "{0} અઠવાડિયામાં"
        ],
        "in \\1 year": [
            "{0} વર્ષમાં"
        ]
    },
    "locale_specific": {}
}