{
    "name": "he",
    "date_order": "DMY",
    "january": [
        "ינואר",
        "ינו׳"
    ],
    "february": [
        "פברואר",
        "פבר׳"
    ],
    "march": [
        "מרץ"
    ],
    "april": [
        "אפריל",
        "אפר׳"
    ],
    "may": [
        "מאי"
    ],
    "june": [
        "יוני"
    ],
    "july": [
        "יולי"
    ],
    "august": [
        "אוגוסט",
        "אוג׳"
    ],
    "september": [
        "ספטמבר",
        "ספט׳"
    ],
    "october": [
        "אוקטובר",
        "אוק׳"
    ],
    "november": [
        "נובמבר",
        "נוב׳"
    ],
    "december": [
        "דצמבר",
        "דצמ׳"
    ],
    "monday": [
        "יום ב׳",
        "יום שני"
    ],
    "tuesday": [
        "יום ג׳",
        "יום שלישי"
    ],
    "wednesday": [
        "יום ד׳",
        "יום רביעי"
    ],
    "thursday": [
        "יום ה׳",
        "יום חמישי"
    ],
    "friday": [
        "יום ו׳",
        "יום שישי"
    ],
    "saturday": [
        "יום שבת",
        "שבת"
    ],
    "sunday": [
        "יום א׳",
        "יום ראשון"
    ],
    "am": [
        "לפנה״צ"
    ],
    "pm": [
        "אחה״צ"
    ],
    "year": [
        "שנה",
        "שנ׳"
    ],
    "month": [
        "חודש",
        "חו׳"
    ],
    "week": [
        "שבוע",
        "שב׳"
    ],
    "day": [
        "יום"
    ],
    "hour": [
        "שעה",
        "שע׳"
    ],
    "minute": [
        "דקה",
        "דק׳"
    ],
    "second": [
        "שנייה",
        "שנ׳"
    ],
    "relative-type": {
        "0 day ago": [
            "היום"
        ],
        "0 hour ago": [
            "בשעה זו"
        ],
        "0 minute ago": [
            "בדקה זו"
        ],
        "0 month ago": [
            "החודש"
        ],
        "0 second ago": [
            "עכשיו"
        ],
        "0 week ago": [
            "השבוע"
        ],
        "0 year ago": [
            "השנה"
        ],
        "1 day ago": [
            "אתמול"
        ],
        "1 month ago": [
            "החודש שעבר"
        ],
        "1 week ago": [
            "השבוע שעבר"
        ],
        "1 year ago": [
            "השנה שעברה"
        ],
        "in 1 day": [
            "מחר"
        ],
        "in 1 month": [
            "החודש הבא"
        ],
        "in 1 week": [
            "השבוע הבא"
        ],
        "in 1 year": [
            "השנה הבאה"
        ]
    },
    "relative-type-regex": {
        "\\1 day ago": [
            "לפני {0} ימים",
            "לפני {0} ימ׳",
            "לפני יום {0}"
        ],
        "\\1 hour ago": [
            "לפני {0} שעות",
            "לפני {0} שע׳"
        ],
        "\\1 minute ago": [
            "לפני {0} דקות",
            "לפני {0} דק׳"
        ],
        "\\1 month ago": [
            "לפני {0} חודשים",
            "לפני {0} חו׳"
        ],
        "\\1 second ago": [
            "לפני {0} שניות",
            "לפני {0} שנ׳"
        ],
        "\\1 week ago": [
            "לפני {0} שבועות",
            "לפני {0} שב׳"
        ],
        "\\1 year ago": [
            "לפני {0} שנים"
        ],
        "in \\1 day": [
            "בעוד {0} ימים",
            "בעוד {0} ימ׳",
            "בעוד יום {0}"
        ],
        "in \\1 hour": [
            "בעוד {0} שעות",
            "בעוד {0} שע׳"
        ],
        "in \\1 minute": [
            "בעוד {0} דקות",
            "בעוד {0} דק׳"
        ],
        "in \\1 month": [
            "בעוד {0} חודשים",
            "בעוד {0} חו׳"
        ],
        "in \\1 second": [
            "בעוד {0} שניות",
            "בעוד {0} שנ׳"
        ],
        "in \\1 week": [
            "בעוד {0} שבועות",
            "בעוד {0} שב׳"
        ],
        "in \\1 year": [
            "בעוד {0} שנים"
        ]
    },
    "locale_specific": {}
}