{
    "name": "hi",
    "date_order": "DMY",
    "january": [
        "जनवरी",
        "जन॰"
    ],
    "february": [
        "फ़रवरी",
        "फ़र॰"
    ],
    "march": [
        "मार्च"
    ],
    "april": [
        "अप्रैल"
    ],
    "may": [
        "मई"
    ],
    "june": [
        "जून"
    ],
    "july": [
        "जुलाई",
        "जुल॰"
    ],
    "august": [
        "अगस्त",
        "अग॰"
    ],
    "september": [
        "सितंबर",
        "सित॰"
    ],
    "october": [
        "अक्तूबर",
        "अक्तू॰"
    ],
    "november": [
        "नवंबर",
        "नव॰"
    ],
    "december": [
        "दिसंबर",
        "दिस॰"
    ],
    "monday": [
        "सोम",
        "सोमवार"
    ],
    "tuesday": [
        "मंगल",
        "मंगलवार"
    ],
    "wednesday": [
        "बुध",
        "बुधवार"
    ],
    "thursday": [
        "गुरु",
        "गुरुवार"
    ],
    "friday": [
        "शुक्र",
        "शुक्रवार"
    ],
    "saturday": [
        "शनि",
        "शनिवार"
    ],
    "sunday": [
        "रवि",
        "रविवार"
    ],
    "am": [
        "पूर्वाह्न"
    ],
    "pm": [
        "अपराह्न"
    ],
    "year": [
        "वर्ष"
    ],
    "month": [
        "माह"
    ],
    "week": [
        "सप्ताह"
    ],
    "day": [
        "दिन"
    ],
    "hour": [
        "घं",
        "घंटा"
    ],
    "minute": [
        "मि",
        "मिनट"
    ],
    "second": [
        "से",
        "सेकंड"
    ],
    "relative-type": {
        "0 day ago": [
            "आज"
        ],
        "0 hour ago": [
            "यह घंटा"
        ],
        "0 minute ago": [
            "यह मिनट"
        ],
        "0 month ago": [
            "इस माह"
        ],
        "0 second ago": [
            "अब"
        ],
        "0 week ago": [
            "इस सप्ताह"
        ],
        "0 year ago": [
            "इस वर्ष"
        ],
        "1 day ago": [
            "कल"
        ],
        "1 month ago": [
            "पिछला माह"
        ],
        "1 week ago": [
            "पिछला सप्ताह"
        ],
        "1 year ago": [
            "पिछला वर्ष"
        ],
        "in 1 day": [
            "कल"
        ],
        "in 1 month": [
            "अगला माह"
        ],
        "in 1 week": [
            "अगला सप्ताह"
        ],
        "in 1 year": [
            "अगला वर्ष"
        ]
    },
    "relative-type-regex": {
        "\\1 day ago": [
            "{0} दिन पहले"
        ],
        "\\1 hour ago": [
            "{0} घं पहले",
            "{0} घंटे पहले"
        ],
        "\\1 minute ago": [
            "{0} मि पहले",
            "{0} मिनट पहले"
        ],
        "\\1 month ago": [
            "{0} माह पहले"
        ],
        "\\1 second ago": [
            "{0} से पहले",
            "{0} सेकंड पहले"
        ],
        "\\1 week ago": [
            "{0} सप्ताह पहले"
        ],
        "\\1 year ago": [
            "{0} वर्ष पहले"
        ],
        "in \\1 day": [
            "{0} दिन में"
        ],
        "in \\1 hour": [
            "{0} घं में",
            "{0} घंटे में"
        ],
        "in \\1 minute": [
            "{0} मि में",
            "{0} मिनट में"
        ],
        "in \\1 month": [
            "{0} माह में"
        ],
        "in \\1 second": [
            "{0} से में",
            "{0} सेकंड में"
        ],
        "in \\1 week": [
            "{0} सप्ताह में"
        ],
        "in \\1 year": [
            "{0} वर्ष में"
        ]
    },
    "locale_specific": {}
}