{
    "name": "hsb",
    "date_order": "DMY",
    "january": [
        "jan",
        "januar",
        "januara"
    ],
    "february": [
        "feb",
        "februar",
        "februara"
    ],
    "march": [
        "měr",
        "měrc",
        "měrca"
    ],
    "april": [
        "apr",
        "apryl",
        "apryla"
    ],
    "may": [
        "mej",
        "meja",
        "meje"
    ],
    "june": [
        "jun",
        "junij",
        "junija"
    ],
    "july": [
        "jul",
        "julij",
        "julija"
    ],
    "august": [
        "awg",
        "awgust",
        "awgusta"
    ],
    "september": [
        "sep",
        "september",
        "septembra"
    ],
    "october": [
        "okt",
        "oktober",
        "oktobra"
    ],
    "november": [
        "now",
        "nowember",
        "nowembra"
    ],
    "december": [
        "dec",
        "december",
        "decembra"
    ],
    "monday": [
        "pón",
        "póndźela"
    ],
    "tuesday": [
        "wut",
        "wutora"
    ],
    "wednesday": [
        "srj",
        "srjeda"
    ],
    "thursday": [
        "štw",
        "štwórtk"
    ],
    "friday": [
        "pja",
        "pjatk"
    ],
    "saturday": [
        "sob",
        "sobota"
    ],
    "sunday": [
        "nje",
        "njedźela"
    ],
    "am": [
        "dopołdnja"
    ],
    "pm": [
        "popołdnju"
    ],
    "year": [
        "l",
        "lěto"
    ],
    "month": [
        "měs",
        "měsac"
    ],
    "week": [
        "tydź",
        "tydźeń"
    ],
    "day": [
        "d",
        "dźeń"
    ],
    "hour": [
        "h",
        "hodź",
        "hodźina"
    ],
    "minute": [
        "m",
        "min",
        "minuta"
    ],
    "second": [
        "s",
        "sek",
        "sekunda"
    ],
    "relative-type": {
        "0 day ago": [
            "dźensa"
        ],
        "0 hour ago": [
            "this hour"
        ],
        "0 minute ago": [
            "this minute"
        ],
        "0 month ago": [
            "tutón měsac"
        ],
        "0 second ago": [
            "now"
        ],
        "0 week ago": [
            "tutón tydźeń"
        ],
        "0 year ago": [
            "lětsa"
        ],
        "1 day ago": [
            "wčera"
        ],
        "1 month ago": [
            "zašły měsac"
        ],
        "1 week ago": [
            "zašły tydźeń"
        ],
        "1 year ago": [
            "loni"
        ],
        "in 1 day": [
            "jutře"
        ],
        "in 1 month": [
            "přichodny měsac"
        ],
        "in 1 week": [
            "přichodny tydźeń"
        ],
        "in 1 year": [
            "klětu"
        ]
    },
    "relative-type-regex": {
        "\\1 day ago": [
            "před {0} d",
            "před {0} dnj",
            "před {0} dnjemi",
            "před {0} dnjom"
        ],
        "\\1 hour ago": [
            "před {0} h",
            "před {0} hodź",
            "před {0} hodźinami",
            "před {0} hodźinu"
        ],
        "\\1 minute ago": [
            "před {0} m",
            "před {0} min",
            "před {0} minutami",
            "před {0} minutu"
        ],
        "\\1 month ago": [
            "před {0} měs",
            "před {0} měsacami",
            "před {0} měsacom"
        ],
        "\\1 second ago": [
            "před {0} s",
            "před {0} sek",
            "před {0} sekundami",
            "před {0} sekundu"
        ],
        "\\1 week ago": [
            "před {0} tydź",
            "před {0} tydźenjemi",
            "před {0} tydźenjom"
        ],
        "\\1 year ago": [
            "před {0} l",
            "před {0} lětami",
            "před {0} lětom"
        ],
        "in \\1 day": [
            "za {0} d",
            "za {0} dnj",
            "za {0} dnjow",
            "za {0} dźeń"
        ],
        "in \\1 hour": [
            "za {0} h",
            "za {0} hodź",
            "za {0} hodźin",
            "za {0} hodźinu"
        ],
        "in \\1 minute": [
            "za {0} m",
            "za {0} min",
            "za {0} minutow",
            "za {0} minutu"
        ],
        "in \\1 month": [
            "za {0} měs",
            "za {0} měsac",
            "za {0} měsacow"
        ],
        "in \\1 second": [
            "za {0} s",
            "za {0} sek",
            "za {0} sekundow",
            "za {0} sekundu"
        ],
        "in \\1 week": [
            "za {0} tydź",
            "za {0} tydźenjow",
            "za {0} tydźeń"
        ],
        "in \\1 year": [
            "za {0} l",
            "za {0} lět",
            "za {0} lěto"
        ]
    },
    "locale_specific": {}
}