{
    "name": "hu",
    "date_order": "YMD",
    "january": [
        "jan",
        "január"
    ],
    "february": [
        "febr",
        "február"
    ],
    "march": [
        "márc",
        "március"
    ],
    "april": [
        "ápr",
        "április"
    ],
    "may": [
        "máj",
        "május"
    ],
    "june": [
        "jún",
        "június"
    ],
    "july": [
        "júl",
        "július"
    ],
    "august": [
        "aug",
        "augusztus"
    ],
    "september": [
        "szept",
        "szeptember"
    ],
    "october": [
        "okt",
        "október"
    ],
    "november": [
        "nov",
        "november"
    ],
    "december": [
        "dec",
        "december"
    ],
    "monday": [
        "h",
        "hétfő"
    ],
    "tuesday": [
        "k",
        "kedd"
    ],
    "wednesday": [
        "sze",
        "szerda"
    ],
    "thursday": [
        "cs",
        "csütörtök"
    ],
    "friday": [
        "p",
        "péntek"
    ],
    "saturday": [
        "szo",
        "szombat"
    ],
    "sunday": [
        "v",
        "vasárnap"
    ],
    "am": [
        "de"
    ],
    "pm": [
        "du"
    ],
    "year": [
        "év"
    ],
    "month": [
        "hónap"
    ],
    "week": [
        "hét"
    ],
    "day": [
        "nap"
    ],
    "hour": [
        "óra"
    ],
    "minute": [
        "perc"
    ],
    "second": [
        "másodperc"
    ],
    "relative-type": {
        "0 day ago": [
            "ma"
        ],
        "0 hour ago": [
            "ebben az órában"
        ],
        "0 minute ago": [
            "ebben a percben"
        ],
        "0 month ago": [
            "ez a hónap"
        ],
        "0 second ago": [
            "most"
        ],
        "0 week ago": [
            "ez a hét"
        ],
        "0 year ago": [
            "ez az év"
        ],
        "1 day ago": [
            "tegnap"
        ],
        "1 month ago": [
            "előző hónap"
        ],
        "1 week ago": [
            "előző hét"
        ],
        "1 year ago": [
            "előző év"
        ],
        "in 1 day": [
            "holnap"
        ],
        "in 1 month": [
            "következő hónap"
        ],
        "in 1 week": [
            "következő hét"
        ],
        "in 1 year": [
            "következő év"
        ]
    },
    "relative-type-regex": {
        "\\1 day ago": [
            "{0} napja",
            "{0} nappal ezelőtt"
        ],
        "\\1 hour ago": [
            "{0} órával ezelőtt"
        ],
        "\\1 minute ago": [
            "{0} perccel ezelőtt"
        ],
        "\\1 month ago": [
            "{0} hónappal ezelőtt"
        ],
        "\\1 second ago": [
            "{0} másodperccel ezelőtt"
        ],
        "\\1 week ago": [
            "{0} héttel ezelőtt"
        ],
        "\\1 year ago": [
            "{0} évvel ezelőtt"
        ],
        "in \\1 day": [
            "{0} nap múlva"
        ],
        "in \\1 hour": [
            "{0} óra múlva"
        ],
        "in \\1 minute": [
            "{0} perc múlva"
        ],
        "in \\1 month": [
            "{0} hónap múlva"
        ],
        "in \\1 second": [
            "{0} másodperc múlva"
        ],
        "in \\1 week": [
            "{0} hét múlva"
        ],
        "in \\1 year": [
            "{0} év múlva"
        ]
    },
    "locale_specific": {}
}