{
    "name": "hy",
    "date_order": "DMY",
    "january": [
        "հնվ",
        "հունվար",
        "հունվարի"
    ],
    "february": [
        "փետրվար",
        "փետրվարի",
        "փտվ"
    ],
    "march": [
        "մարտ",
        "մարտի",
        "մրտ"
    ],
    "april": [
        "ապր",
        "ապրիլ",
        "ապրիլի"
    ],
    "may": [
        "մայիս",
        "մայիսի",
        "մյս"
    ],
    "june": [
        "հնս",
        "հունիս",
        "հունիսի"
    ],
    "july": [
        "հլս",
        "հուլիս",
        "հուլիսի"
    ],
    "august": [
        "օգոստոս",
        "օգոստոսի",
        "օգս"
    ],
    "september": [
        "սեպ",
        "սեպտեմբեր",
        "սեպտեմբերի"
    ],
    "october": [
        "հոկ",
        "հոկտեմբեր",
        "հոկտեմբերի"
    ],
    "november": [
        "նոյ",
        "նոյեմբեր",
        "նոյեմբերի"
    ],
    "december": [
        "դեկ",
        "դեկտեմբեր",
        "դեկտեմբերի"
    ],
    "monday": [
        "երկ",
        "երկուշաբթի"
    ],
    "tuesday": [
        "երեքշաբթի",
        "երք"
    ],
    "wednesday": [
        "չորեքշաբթի",
        "չրք"
    ],
    "thursday": [
        "հինգշաբթի",
        "հնգ"
    ],
    "friday": [
        "ուր",
        "ուրբաթ"
    ],
    "saturday": [
        "շաբաթ",
        "շբթ"
    ],
    "sunday": [
        "կիր",
        "կիրակի"
    ],
    "am": [
        "am",
        "կա"
    ],
    "pm": [
        "pm",
        "կհ"
    ],
    "year": [
        "տ",
        "տարի"
    ],
    "month": [
        "ամիս",
        "ամս"
    ],
    "week": [
        "շաբ",
        "շաբաթ"
    ],
    "day": [
        "օր"
    ],
    "hour": [
        "ժ",
        "ժամ"
    ],
    "minute": [
        "ր",
        "րոպե"
    ],
    "second": [
        "վ",
        "վայրկյան"
    ],
    "relative-type": {
        "0 day ago": [
            "այսօր"
        ],
        "0 hour ago": [
            "այս ժամին"
        ],
        "0 minute ago": [
            "այս րոպեին"
        ],
        "0 month ago": [
            "այս ամիս"
        ],
        "0 second ago": [
            "այժմ"
        ],
        "0 week ago": [
            "այս շաբաթ"
        ],
        "0 year ago": [
            "այս տարի"
        ],
        "1 day ago": [
            "երեկ"
        ],
        "1 month ago": [
            "անցյալ ամիս",
            "նախորդ ամիս"
        ],
        "1 week ago": [
            "նախորդ շաբաթ"
        ],
        "1 year ago": [
            "նախորդ տարի"
        ],
        "in 1 day": [
            "վաղը"
        ],
        "in 1 month": [
            "հաջորդ ամիս"
        ],
        "in 1 week": [
            "հաջորդ շաբաթ"
        ],
        "in 1 year": [
            "հաջորդ տարի"
        ]
    },
    "relative-type-regex": {
        "\\1 day ago": [
            "{0} օր առաջ"
        ],
        "\\1 hour ago": [
            "{0} ժ առաջ",
            "{0} ժամ առաջ"
        ],
        "\\1 minute ago": [
            "{0} ր առաջ",
            "{0} րոպե առաջ"
        ],
        "\\1 month ago": [
            "{0} ամիս առաջ"
        ],
        "\\1 second ago": [
            "{0} վ առաջ",
            "{0} վայրկյան առաջ",
            "{0} վրկ առաջ"
        ],
        "\\1 week ago": [
            "{0} շաբ առաջ",
            "{0} շաբաթ առաջ"
        ],
        "\\1 year ago": [
            "{0} տ առաջ",
            "{0} տարի առաջ"
        ],
        "in \\1 day": [
            "{0} օրից"
        ],
        "in \\1 hour": [
            "{0} ժ-ից",
            "{0} ժամից"
        ],
        "in \\1 minute": [
            "{0} ր-ից",
            "{0} րոպեից"
        ],
        "in \\1 month": [
            "{0} ամսից"
        ],
        "in \\1 second": [
            "{0} վ-ից",
            "{0} վայրկյանից",
            "{0} վրկ-ից"
        ],
        "in \\1 week": [
            "{0} շաբ անց",
            "{0} շաբ-ից",
            "{0} շաբաթից"
        ],
        "in \\1 year": [
            "{0} տարուց"
        ]
    },
    "locale_specific": {}
}