{
    "name": "id",
    "date_order": "DMY",
    "january": [
        "jan",
        "januari"
    ],
    "february": [
        "feb",
        "februari"
    ],
    "march": [
        "mar",
        "maret"
    ],
    "april": [
        "apr",
        "april"
    ],
    "may": [
        "mei"
    ],
    "june": [
        "jun",
        "juni"
    ],
    "july": [
        "jul",
        "juli"
    ],
    "august": [
        "agt",
        "agustus"
    ],
    "september": [
        "sep",
        "september"
    ],
    "october": [
        "okt",
        "oktober"
    ],
    "november": [
        "nov",
        "november"
    ],
    "december": [
        "des",
        "desember"
    ],
    "monday": [
        "sen",
        "senin"
    ],
    "tuesday": [
        "sel",
        "selasa"
    ],
    "wednesday": [
        "rab",
        "rabu"
    ],
    "thursday": [
        "kam",
        "kamis"
    ],
    "friday": [
        "jum",
        "jumat"
    ],
    "saturday": [
        "sab",
        "sabtu"
    ],
    "sunday": [
        "min",
        "minggu"
    ],
    "am": [
        "am"
    ],
    "pm": [
        "pm"
    ],
    "year": [
        "tahun",
        "thn"
    ],
    "month": [
        "bln",
        "bulan"
    ],
    "week": [
        "mgg",
        "minggu"
    ],
    "day": [
        "h",
        "hari"
    ],
    "hour": [
        "j",
        "jam"
    ],
    "minute": [
        "m",
        "menit",
        "mnt"
    ],
    "second": [
        "d",
        "detik",
        "dtk"
    ],
    "relative-type": {
        "0 day ago": [
            "hari ini"
        ],
        "0 hour ago": [
            "jam ini"
        ],
        "0 minute ago": [
            "menit ini"
        ],
        "0 month ago": [
            "bulan ini"
        ],
        "0 second ago": [
            "sekarang"
        ],
        "0 week ago": [
            "minggu ini"
        ],
        "0 year ago": [
            "tahun ini"
        ],
        "1 day ago": [
            "kemarin"
        ],
        "1 month ago": [
            "bulan lalu"
        ],
        "1 week ago": [
            "minggu lalu"
        ],
        "1 year ago": [
            "tahun lalu"
        ],
        "in 1 day": [
            "besok"
        ],
        "in 1 month": [
            "bulan berikutnya"
        ],
        "in 1 week": [
            "minggu depan"
        ],
        "in 1 year": [
            "tahun depan"
        ]
    },
    "relative-type-regex": {
        "\\1 day ago": [
            "{0} h lalu",
            "{0} hari yang lalu"
        ],
        "\\1 hour ago": [
            "{0} jam lalu",
            "{0} jam yang lalu"
        ],
        "\\1 minute ago": [
            "{0} menit yang lalu",
            "{0} mnt lalu"
        ],
        "\\1 month ago": [
            "{0} bln lalu",
            "{0} bulan yang lalu"
        ],
        "\\1 second ago": [
            "{0} detik yang lalu",
            "{0} dtk lalu"
        ],
        "\\1 week ago": [
            "{0} mgg lalu",
            "{0} minggu yang lalu"
        ],
        "\\1 year ago": [
            "{0} tahun yang lalu",
            "{0} thn lalu"
        ],
        "in \\1 day": [
            "dalam {0} h",
            "dalam {0} hari"
        ],
        "in \\1 hour": [
            "dalam {0} jam"
        ],
        "in \\1 minute": [
            "dalam {0} menit",
            "dlm {0} mnt"
        ],
        "in \\1 month": [
            "dalam {0} bulan",
            "dlm {0} bln"
        ],
        "in \\1 second": [
            "dalam {0} detik",
            "dlm {0} dtk"
        ],
        "in \\1 week": [
            "dalam {0} minggu",
            "dlm {0} mgg"
        ],
        "in \\1 year": [
            "dalam {0} tahun",
            "dlm {0} thn"
        ]
    },
    "locale_specific": {}
}