{
    "name": "is",
    "date_order": "DMY",
    "january": [
        "jan",
        "janúar"
    ],
    "february": [
        "feb",
        "febrúar"
    ],
    "march": [
        "mar",
        "mars"
    ],
    "april": [
        "apr",
        "apríl"
    ],
    "may": [
        "maí"
    ],
    "june": [
        "jún",
        "júní"
    ],
    "july": [
        "júl",
        "júlí"
    ],
    "august": [
        "ágú",
        "ágúst"
    ],
    "september": [
        "sep",
        "september"
    ],
    "october": [
        "okt",
        "október"
    ],
    "november": [
        "nóv",
        "nóvember"
    ],
    "december": [
        "des",
        "desember"
    ],
    "monday": [
        "mán",
        "mánudagur"
    ],
    "tuesday": [
        "þri",
        "þriðjudagur"
    ],
    "wednesday": [
        "mið",
        "miðvikudagur"
    ],
    "thursday": [
        "fim",
        "fimmtudagur"
    ],
    "friday": [
        "fös",
        "föstudagur"
    ],
    "saturday": [
        "lau",
        "laugardagur"
    ],
    "sunday": [
        "sun",
        "sunnudagur"
    ],
    "am": [
        "fh"
    ],
    "pm": [
        "eh"
    ],
    "year": [
        "ár"
    ],
    "month": [
        "mán",
        "mánuður"
    ],
    "week": [
        "v",
        "vika"
    ],
    "day": [
        "d",
        "dagur"
    ],
    "hour": [
        "klst",
        "klukkustund"
    ],
    "minute": [
        "mín",
        "mínúta"
    ],
    "second": [
        "sek",
        "sekúnda"
    ],
    "relative-type": {
        "0 day ago": [
            "í dag"
        ],
        "0 hour ago": [
            "this hour"
        ],
        "0 minute ago": [
            "this minute"
        ],
        "0 month ago": [
            "í þessum mán",
            "í þessum mánuði"
        ],
        "0 second ago": [
            "núna"
        ],
        "0 week ago": [
            "í þessari viku"
        ],
        "0 year ago": [
            "á þessu ári"
        ],
        "1 day ago": [
            "í gær"
        ],
        "1 month ago": [
            "í síðasta mán",
            "í síðasta mánuði"
        ],
        "1 week ago": [
            "í síðustu viku"
        ],
        "1 year ago": [
            "á síðasta ári"
        ],
        "in 1 day": [
            "á morgun"
        ],
        "in 1 month": [
            "í næsta mán",
            "í næsta mánuði"
        ],
        "in 1 week": [
            "í næstu viku"
        ],
        "in 1 year": [
            "á næsta ári"
        ]
    },
    "relative-type-regex": {
        "\\1 day ago": [
            "fyrir {0} degi",
            "fyrir {0} dögum"
        ],
        "\\1 hour ago": [
            "fyrir {0} klst",
            "fyrir {0} klukkustund",
            "fyrir {0} klukkustundum"
        ],
        "\\1 minute ago": [
            "fyrir {0} mín",
            "fyrir {0} mínútu",
            "fyrir {0} mínútum"
        ],
        "\\1 month ago": [
            "fyrir {0} mán",
            "fyrir {0} mánuði",
            "fyrir {0} mánuðum"
        ],
        "\\1 second ago": [
            "fyrir {0} sek",
            "fyrir {0} sekúndu",
            "fyrir {0} sekúndum"
        ],
        "\\1 week ago": [
            "fyrir {0} viku",
            "fyrir {0} vikum"
        ],
        "\\1 year ago": [
            "fyrir {0} ári",
            "fyrir {0} árum"
        ],
        "in \\1 day": [
            "eftir {0} dag",
            "eftir {0} daga"
        ],
        "in \\1 hour": [
            "eftir {0} klst",
            "eftir {0} klukkustund",
            "eftir {0} klukkustundir"
        ],
        "in \\1 minute": [
            "eftir {0} mín",
            "eftir {0} mínútu",
            "eftir {0} mínútur"
        ],
        "in \\1 month": [
            "eftir {0} mán",
            "eftir {0} mánuð",
            "eftir {0} mánuði"
        ],
        "in \\1 second": [
            "eftir {0} sek",
            "eftir {0} sekúndu",
            "eftir {0} sekúndur"
        ],
        "in \\1 week": [
            "eftir {0} viku",
            "eftir {0} vikur"
        ],
        "in \\1 year": [
            "eftir {0} ár"
        ]
    },
    "locale_specific": {}
}