{
    "name": "ja",
    "date_order": "YMD",
    "january": [
        "1月"
    ],
    "february": [
        "2月"
    ],
    "march": [
        "3月"
    ],
    "april": [
        "4月"
    ],
    "may": [
        "5月"
    ],
    "june": [
        "6月"
    ],
    "july": [
        "7月"
    ],
    "august": [
        "8月"
    ],
    "september": [
        "9月"
    ],
    "october": [
        "10月"
    ],
    "november": [
        "11月"
    ],
    "december": [
        "12月"
    ],
    "monday": [
        "月",
        "月曜日"
    ],
    "tuesday": [
        "火",
        "火曜日"
    ],
    "wednesday": [
        "水",
        "水曜日"
    ],
    "thursday": [
        "木",
        "木曜日"
    ],
    "friday": [
        "金",
        "金曜日"
    ],
    "saturday": [
        "土",
        "土曜日"
    ],
    "sunday": [
        "日",
        "日曜日"
    ],
    "am": [
        "午前"
    ],
    "pm": [
        "午後"
    ],
    "year": [
        "年"
    ],
    "month": [
        "月"
    ],
    "week": [
        "週"
    ],
    "day": [
        "日"
    ],
    "hour": [
        "時"
    ],
    "minute": [
        "分"
    ],
    "second": [
        "秒"
    ],
    "relative-type": {
        "0 day ago": [
            "今日"
        ],
        "0 hour ago": [
            "1 時間以内"
        ],
        "0 minute ago": [
            "1 分以内"
        ],
        "0 month ago": [
            "今月"
        ],
        "0 second ago": [
            "今"
        ],
        "0 week ago": [
            "今週"
        ],
        "0 year ago": [
            "今年"
        ],
        "1 day ago": [
            "昨日"
        ],
        "1 month ago": [
            "先月"
        ],
        "1 week ago": [
            "先週"
        ],
        "1 year ago": [
            "昨年"
        ],
        "in 1 day": [
            "明日"
        ],
        "in 1 month": [
            "翌月"
        ],
        "in 1 week": [
            "翌週"
        ],
        "in 1 year": [
            "翌年"
        ]
    },
    "relative-type-regex": {
        "\\1 day ago": [
            "{0} 日前",
            "{0}日前"
        ],
        "\\1 hour ago": [
            "{0} 時間前",
            "{0}時間前"
        ],
        "\\1 minute ago": [
            "{0} 分前",
            "{0}分前"
        ],
        "\\1 month ago": [
            "{0} か月前",
            "{0}か月前"
        ],
        "\\1 second ago": [
            "{0} 秒前",
            "{0}秒前"
        ],
        "\\1 week ago": [
            "{0} 週間前",
            "{0}週間前"
        ],
        "\\1 year ago": [
            "{0} 年前",
            "{0}年前"
        ],
        "in \\1 day": [
            "{0} 日後",
            "{0}日後"
        ],
        "in \\1 hour": [
            "{0} 時間後",
            "{0}時間後"
        ],
        "in \\1 minute": [
            "{0} 分後",
            "{0}分後"
        ],
        "in \\1 month": [
            "{0} か月後",
            "{0}か月後"
        ],
        "in \\1 second": [
            "{0} 秒後",
            "{0}秒後"
        ],
        "in \\1 week": [
            "{0} 週間後",
            "{0}週間後"
        ],
        "in \\1 year": [
            "{0} 年後",
            "{0}年後"
        ]
    },
    "locale_specific": {}
}