{
    "name": "ka",
    "date_order": "DMY",
    "january": [
        "იან",
        "იანვარი"
    ],
    "february": [
        "თებ",
        "თებერვალი"
    ],
    "march": [
        "მარ",
        "მარტი"
    ],
    "april": [
        "აპრ",
        "აპრილი"
    ],
    "may": [
        "მაი",
        "მაისი"
    ],
    "june": [
        "ივნ",
        "ივნისი"
    ],
    "july": [
        "ივლ",
        "ივლისი"
    ],
    "august": [
        "აგვ",
        "აგვისტო"
    ],
    "september": [
        "სექ",
        "სექტემბერი"
    ],
    "october": [
        "ოქტ",
        "ოქტომბერი"
    ],
    "november": [
        "ნოე",
        "ნოემბერი"
    ],
    "december": [
        "დეკ",
        "დეკემბერი"
    ],
    "monday": [
        "ორშ",
        "ორშაბათი"
    ],
    "tuesday": [
        "სამ",
        "სამშაბათი"
    ],
    "wednesday": [
        "ოთხ",
        "ოთხშაბათი"
    ],
    "thursday": [
        "ხუთ",
        "ხუთშაბათი"
    ],
    "friday": [
        "პარ",
        "პარასკევი"
    ],
    "saturday": [
        "შაბ",
        "შაბათი"
    ],
    "sunday": [
        "კვი",
        "კვირა"
    ],
    "am": [
        "am"
    ],
    "pm": [
        "pm",
        "შუადღ შემდეგ"
    ],
    "year": [
        "წ",
        "წელი"
    ],
    "month": [
        "თვე"
    ],
    "week": [
        "კვ",
        "კვირა"
    ],
    "day": [
        "დღე"
    ],
    "hour": [
        "საათი",
        "სთ"
    ],
    "minute": [
        "წთ",
        "წუთი"
    ],
    "second": [
        "წამი",
        "წმ"
    ],
    "relative-type": {
        "0 day ago": [
            "დღეს"
        ],
        "0 hour ago": [
            "ამ საათში"
        ],
        "0 minute ago": [
            "ამ წუთში"
        ],
        "0 month ago": [
            "ამ თვეში"
        ],
        "0 second ago": [
            "ახლა"
        ],
        "0 week ago": [
            "ამ კვირაში"
        ],
        "0 year ago": [
            "ამ წელს"
        ],
        "1 day ago": [
            "გუშინ"
        ],
        "1 month ago": [
            "გასულ თვეს"
        ],
        "1 week ago": [
            "გასულ კვირაში"
        ],
        "1 year ago": [
            "გასულ წელს"
        ],
        "in 1 day": [
            "ხვალ"
        ],
        "in 1 month": [
            "მომავალ თვეს"
        ],
        "in 1 week": [
            "მომავალ კვირაში"
        ],
        "in 1 year": [
            "მომავალ წელს"
        ]
    },
    "relative-type-regex": {
        "\\1 day ago": [
            "{0} დღის წინ"
        ],
        "\\1 hour ago": [
            "{0} საათის წინ",
            "{0} სთ წინ"
        ],
        "\\1 minute ago": [
            "{0} წთ წინ",
            "{0} წუთის წინ"
        ],
        "\\1 month ago": [
            "{0} თვის წინ"
        ],
        "\\1 second ago": [
            "{0} წამის წინ",
            "{0} წმ წინ"
        ],
        "\\1 week ago": [
            "{0} კვ წინ",
            "{0} კვირის წინ"
        ],
        "\\1 year ago": [
            "{0} წლის წინ"
        ],
        "in \\1 day": [
            "{0} დღეში"
        ],
        "in \\1 hour": [
            "{0} საათში"
        ],
        "in \\1 minute": [
            "{0} წუთში"
        ],
        "in \\1 month": [
            "{0} თვეში"
        ],
        "in \\1 second": [
            "{0} წამში"
        ],
        "in \\1 week": [
            "{0} კვირაში"
        ],
        "in \\1 year": [
            "{0} წელიწადში",
            "{0} წელში"
        ]
    },
    "locale_specific": {}
}