{
    "name": "kea",
    "date_order": "DMY",
    "january": [
        "jan",
        "janeru"
    ],
    "february": [
        "feb",
        "febreru"
    ],
    "march": [
        "mar",
        "marsu"
    ],
    "april": [
        "abr",
        "abril"
    ],
    "may": [
        "mai",
        "maiu"
    ],
    "june": [
        "jun",
        "junhu"
    ],
    "july": [
        "jul",
        "julhu"
    ],
    "august": [
        "ago",
        "agostu"
    ],
    "september": [
        "set",
        "setenbru"
    ],
    "october": [
        "otu",
        "otubru"
    ],
    "november": [
        "nuv",
        "nuvenbru"
    ],
    "december": [
        "diz",
        "dizenbru"
    ],
    "monday": [
        "sig",
        "sigunda-fera"
    ],
    "tuesday": [
        "ter",
        "tersa-fera"
    ],
    "wednesday": [
        "kua",
        "kuarta-fera"
    ],
    "thursday": [
        "kin",
        "kinta-fera"
    ],
    "friday": [
        "ses",
        "sesta-fera"
    ],
    "saturday": [
        "sab",
        "sabadu",
        "sábadu"
    ],
    "sunday": [
        "dum",
        "dumingu"
    ],
    "am": [
        "am"
    ],
    "pm": [
        "pm"
    ],
    "year": [
        "anu"
    ],
    "month": [
        "mes"
    ],
    "week": [
        "sim",
        "simana"
    ],
    "day": [
        "dia"
    ],
    "hour": [
        "h",
        "ora"
    ],
    "minute": [
        "m",
        "min",
        "minutu"
    ],
    "second": [
        "s",
        "sig",
        "sigundu"
    ],
    "relative-type": {
        "0 day ago": [
            "oji"
        ],
        "0 hour ago": [
            "this hour"
        ],
        "0 minute ago": [
            "this minute"
        ],
        "0 month ago": [
            "es mes li"
        ],
        "0 second ago": [
            "now"
        ],
        "0 week ago": [
            "es simana li"
        ],
        "0 year ago": [
            "es anu li"
        ],
        "1 day ago": [
            "onti"
        ],
        "1 month ago": [
            "mes pasadu"
        ],
        "1 week ago": [
            "simana pasadu"
        ],
        "1 year ago": [
            "anu pasadu"
        ],
        "in 1 day": [
            "manha"
        ],
        "in 1 month": [
            "prósimu mes"
        ],
        "in 1 week": [
            "prósimu simana"
        ],
        "in 1 year": [
            "prósimu anu"
        ]
    },
    "relative-type-regex": {
        "\\1 day ago": [
            "a ten {0} dia"
        ],
        "\\1 hour ago": [
            "a ten {0} ora"
        ],
        "\\1 minute ago": [
            "a ten {0} m",
            "a ten {0} min",
            "a ten {0} minutu"
        ],
        "\\1 month ago": [
            "a ten {0} mes"
        ],
        "\\1 second ago": [
            "a ten {0} s",
            "a ten {0} sig",
            "a ten {0} sigundu"
        ],
        "\\1 week ago": [
            "a ten {0} sim",
            "a ten {0} simana"
        ],
        "\\1 year ago": [
            "a ten {0} anu"
        ],
        "in \\1 day": [
            "di li {0} dia"
        ],
        "in \\1 hour": [
            "di li {0} ora"
        ],
        "in \\1 minute": [
            "di li {0} m",
            "di li {0} min",
            "di li {0} minutu"
        ],
        "in \\1 month": [
            "di li {0} mes"
        ],
        "in \\1 second": [
            "di li {0} s",
            "di li {0} sig",
            "di li {0} sigundu"
        ],
        "in \\1 week": [
            "di li {0} sim",
            "di li {0} simana"
        ],
        "in \\1 year": [
            "di li {0} anu"
        ]
    },
    "locale_specific": {}
}