{
    "name": "kk",
    "date_order": "DMY",
    "january": [
        "қаң",
        "қаңтар"
    ],
    "february": [
        "ақп",
        "ақпан"
    ],
    "march": [
        "нау",
        "наурыз"
    ],
    "april": [
        "сәу",
        "сәуір"
    ],
    "may": [
        "мам",
        "мамыр"
    ],
    "june": [
        "мау",
        "маусым"
    ],
    "july": [
        "шіл",
        "шілде"
    ],
    "august": [
        "там",
        "тамыз"
    ],
    "september": [
        "қыр",
        "қыркүйек"
    ],
    "october": [
        "қаз",
        "қазан"
    ],
    "november": [
        "қар",
        "қараша"
    ],
    "december": [
        "жел",
        "желтоқсан"
    ],
    "monday": [
        "дс",
        "дүйсенбі"
    ],
    "tuesday": [
        "сейсенбі",
        "сс"
    ],
    "wednesday": [
        "ср",
        "сәрсенбі"
    ],
    "thursday": [
        "бейсенбі",
        "бс"
    ],
    "friday": [
        "жм",
        "жұма"
    ],
    "saturday": [
        "сб",
        "сенбі"
    ],
    "sunday": [
        "жексенбі",
        "жс"
    ],
    "am": [
        "am"
    ],
    "pm": [
        "pm"
    ],
    "year": [
        "ж",
        "жыл"
    ],
    "month": [
        "ай"
    ],
    "week": [
        "ап",
        "апта"
    ],
    "day": [
        "күн"
    ],
    "hour": [
        "сағ",
        "сағат"
    ],
    "minute": [
        "мин",
        "минут"
    ],
    "second": [
        "с",
        "секунд"
    ],
    "relative-type": {
        "0 day ago": [
            "бүгін"
        ],
        "0 hour ago": [
            "осы сағат"
        ],
        "0 minute ago": [
            "осы минут"
        ],
        "0 month ago": [
            "осы ай"
        ],
        "0 second ago": [
            "қазір"
        ],
        "0 week ago": [
            "осы апта"
        ],
        "0 year ago": [
            "биылғы жыл"
        ],
        "1 day ago": [
            "кеше"
        ],
        "1 month ago": [
            "өткен ай"
        ],
        "1 week ago": [
            "өткен апта"
        ],
        "1 year ago": [
            "былтырғы жыл"
        ],
        "in 1 day": [
            "ертең"
        ],
        "in 1 month": [
            "келесі ай"
        ],
        "in 1 week": [
            "келесі апта"
        ],
        "in 1 year": [
            "келесі жыл"
        ]
    },
    "relative-type-regex": {
        "\\1 day ago": [
            "{0} күн бұрын"
        ],
        "\\1 hour ago": [
            "{0} сағ бұрын",
            "{0} сағат бұрын"
        ],
        "\\1 minute ago": [
            "{0} мин бұрын",
            "{0} минут бұрын"
        ],
        "\\1 month ago": [
            "{0} ай бұрын"
        ],
        "\\1 second ago": [
            "{0} сек бұрын",
            "{0} секунд бұрын"
        ],
        "\\1 week ago": [
            "{0} ап бұрын",
            "{0} апта бұрын"
        ],
        "\\1 year ago": [
            "{0} ж бұрын",
            "{0} жыл бұрын"
        ],
        "in \\1 day": [
            "{0} күннен кейін"
        ],
        "in \\1 hour": [
            "{0} сағ кейін",
            "{0} сағаттан кейін"
        ],
        "in \\1 minute": [
            "{0} мин кейін",
            "{0} минуттан кейін"
        ],
        "in \\1 month": [
            "{0} айдан кейін"
        ],
        "in \\1 second": [
            "{0} сек кейін",
            "{0} секундтан кейін"
        ],
        "in \\1 week": [
            "{0} ап кейін",
            "{0} аптадан кейін"
        ],
        "in \\1 year": [
            "{0} ж кейін",
            "{0} жылдан кейін"
        ]
    },
    "locale_specific": {}
}