{
    "name": "kl",
    "date_order": "YMD",
    "january": [
        "jan",
        "januari"
    ],
    "february": [
        "feb",
        "februari"
    ],
    "march": [
        "mar",
        "martsi"
    ],
    "april": [
        "apr",
        "aprili"
    ],
    "may": [
        "maj",
        "maji"
    ],
    "june": [
        "jun",
        "juni"
    ],
    "july": [
        "jul",
        "juli"
    ],
    "august": [
        "aug",
        "augustusi"
    ],
    "september": [
        "sep",
        "septemberi"
    ],
    "october": [
        "okt",
        "oktoberi"
    ],
    "november": [
        "nov",
        "novemberi"
    ],
    "december": [
        "dec",
        "decemberi"
    ],
    "monday": [
        "ata",
        "ataasinngorneq"
    ],
    "tuesday": [
        "mar",
        "marlunngorneq"
    ],
    "wednesday": [
        "pin",
        "pingasunngorneq"
    ],
    "thursday": [
        "sis",
        "sisamanngorneq"
    ],
    "friday": [
        "tal",
        "tallimanngorneq"
    ],
    "saturday": [
        "arf",
        "arfininngorneq"
    ],
    "sunday": [
        "sab",
        "sabaat"
    ],
    "am": [
        "am"
    ],
    "pm": [
        "pm"
    ],
    "year": [
        "year"
    ],
    "month": [
        "month"
    ],
    "week": [
        "week"
    ],
    "day": [
        "day"
    ],
    "hour": [
        "hour"
    ],
    "minute": [
        "minute"
    ],
    "second": [
        "second"
    ],
    "relative-type": {
        "0 day ago": [
            "today"
        ],
        "0 hour ago": [
            "this hour"
        ],
        "0 minute ago": [
            "this minute"
        ],
        "0 month ago": [
            "this month"
        ],
        "0 second ago": [
            "now"
        ],
        "0 week ago": [
            "this week"
        ],
        "0 year ago": [
            "this year"
        ],
        "1 day ago": [
            "yesterday"
        ],
        "1 month ago": [
            "last month"
        ],
        "1 week ago": [
            "last week"
        ],
        "1 year ago": [
            "last year"
        ],
        "in 1 day": [
            "tomorrow"
        ],
        "in 1 month": [
            "next month"
        ],
        "in 1 week": [
            "next week"
        ],
        "in 1 year": [
            "next year"
        ]
    },
    "relative-type-regex": {
        "\\1 day ago": [
            "for {0} ulloq unnuarlu siden"
        ],
        "\\1 hour ago": [
            "for {0} nalunaaquttap-akunnera siden"
        ],
        "\\1 minute ago": [
            "for {0} minutsi siden"
        ],
        "\\1 month ago": [
            "for {0} qaammat siden"
        ],
        "\\1 second ago": [
            "for {0} sekundi siden"
        ],
        "\\1 week ago": [
            "for {0} sapaatip-akunnera siden"
        ],
        "\\1 year ago": [
            "for {0} ukioq siden"
        ],
        "in \\1 day": [
            "om {0} ulloq unnuarlu"
        ],
        "in \\1 hour": [
            "om {0} nalunaaquttap-akunnera"
        ],
        "in \\1 minute": [
            "om {0} minutsi"
        ],
        "in \\1 month": [
            "om {0} qaammat"
        ],
        "in \\1 second": [
            "om {0} sekundi"
        ],
        "in \\1 week": [
            "om {0} sapaatip-akunnera"
        ],
        "in \\1 year": [
            "om {0} ukioq"
        ]
    },
    "locale_specific": {}
}