{
    "name": "km",
    "date_order": "DMY",
    "january": [
        "មករា"
    ],
    "february": [
        "កុម្ភៈ"
    ],
    "march": [
        "មីនា"
    ],
    "april": [
        "មេសា"
    ],
    "may": [
        "ឧសភា"
    ],
    "june": [
        "មិថុនា"
    ],
    "july": [
        "កក្កដា"
    ],
    "august": [
        "សីហា"
    ],
    "september": [
        "កញ្ញា"
    ],
    "october": [
        "តុលា"
    ],
    "november": [
        "វិច្ឆិកា"
    ],
    "december": [
        "ធ្នូ"
    ],
    "monday": [
        "ច័ន្ទ"
    ],
    "tuesday": [
        "អង្គារ"
    ],
    "wednesday": [
        "ពុធ"
    ],
    "thursday": [
        "ព្រហស្បតិ៍"
    ],
    "friday": [
        "សុក្រ"
    ],
    "saturday": [
        "សៅរ៍"
    ],
    "sunday": [
        "អាទិត្យ"
    ],
    "am": [
        "am"
    ],
    "pm": [
        "pm"
    ],
    "year": [
        "ឆ្នាំ"
    ],
    "month": [
        "ខែ"
    ],
    "week": [
        "សប្ដាហ៍"
    ],
    "day": [
        "ថ្ងៃ"
    ],
    "hour": [
        "ម៉ោង"
    ],
    "minute": [
        "នាទី"
    ],
    "second": [
        "វិនាទី"
    ],
    "relative-type": {
        "0 day ago": [
            "ថ្ងៃ​នេះ"
        ],
        "0 hour ago": [
            "ម៉ោងនេះ"
        ],
        "0 minute ago": [
            "នាទីនេះ"
        ],
        "0 month ago": [
            "ខែ​នេះ"
        ],
        "0 second ago": [
            "ឥឡូវ"
        ],
        "0 week ago": [
            "សប្ដាហ៍​នេះ"
        ],
        "0 year ago": [
            "ឆ្នាំ​នេះ"
        ],
        "1 day ago": [
            "ម្សិលមិញ"
        ],
        "1 month ago": [
            "ខែ​មុន"
        ],
        "1 week ago": [
            "សប្ដាហ៍​មុន"
        ],
        "1 year ago": [
            "ឆ្នាំ​មុន"
        ],
        "in 1 day": [
            "ថ្ងៃស្អែក",
            "ថ្ងៃ​ស្អែក"
        ],
        "in 1 month": [
            "ខែ​ក្រោយ"
        ],
        "in 1 week": [
            "សប្ដាហ៍​ក្រោយ"
        ],
        "in 1 year": [
            "ឆ្នាំ​ក្រោយ"
        ]
    },
    "relative-type-regex": {
        "\\1 day ago": [
            "{0} ថ្ងៃ​មុន",
            "{0} ថ្ងៃ​​មុន"
        ],
        "\\1 hour ago": [
            "{0} ម៉ោង​មុន"
        ],
        "\\1 minute ago": [
            "{0} នាទី​មុន",
            "{0} នាទី​​មុន"
        ],
        "\\1 month ago": [
            "{0} ខែមុន"
        ],
        "\\1 second ago": [
            "{0} វិនាទី​មុន"
        ],
        "\\1 week ago": [
            "{0} សប្ដាហ៍​មុន"
        ],
        "\\1 year ago": [
            "{0} ឆ្នាំ​មុន"
        ],
        "in \\1 day": [
            "{0} ថ្ងៃទៀត"
        ],
        "in \\1 hour": [
            "{0} ម៉ោងទៀត",
            "ក្នុង​រយៈ​ពេល {0} ម៉ោង"
        ],
        "in \\1 minute": [
            "{0} នាទីទៀត"
        ],
        "in \\1 month": [
            "{0} ខែទៀត"
        ],
        "in \\1 second": [
            "{0} វិនាទីទៀត"
        ],
        "in \\1 week": [
            "{0} សប្ដាហ៍ទៀត"
        ],
        "in \\1 year": [
            "{0} ឆ្នាំទៀត"
        ]
    },
    "locale_specific": {}
}