{
    "name": "kn",
    "date_order": "DMY",
    "january": [
        "ಜನ",
        "ಜನವರಿ"
    ],
    "february": [
        "ಫೆಬ್ರ",
        "ಫೆಬ್ರವರಿ"
    ],
    "march": [
        "ಮಾರ್ಚ್"
    ],
    "april": [
        "ಏಪ್ರಿ",
        "ಏಪ್ರಿಲ್"
    ],
    "may": [
        "ಮೇ"
    ],
    "june": [
        "ಜೂನ್"
    ],
    "july": [
        "ಜುಲೈ"
    ],
    "august": [
        "ಆಗ",
        "ಆಗಸ್ಟ್"
    ],
    "september": [
        "ಸೆಪ್ಟೆಂ",
        "ಸೆಪ್ಟೆಂಬರ್"
    ],
    "october": [
        "ಅಕ್ಟೋ",
        "ಅಕ್ಟೋಬರ್"
    ],
    "november": [
        "ನವೆಂ",
        "ನವೆಂಬರ್"
    ],
    "december": [
        "ಡಿಸೆಂ",
        "ಡಿಸೆಂಬರ್"
    ],
    "monday": [
        "ಸೋಮ",
        "ಸೋಮವಾರ"
    ],
    "tuesday": [
        "ಮಂಗಳ",
        "ಮಂಗಳವಾರ"
    ],
    "wednesday": [
        "ಬುಧ",
        "ಬುಧವಾರ"
    ],
    "thursday": [
        "ಗುರು",
        "ಗುರುವಾರ"
    ],
    "friday": [
        "ಶುಕ್ರ",
        "ಶುಕ್ರವಾರ"
    ],
    "saturday": [
        "ಶನಿ",
        "ಶನಿವಾರ"
    ],
    "sunday": [
        "ಭಾನು",
        "ಭಾನುವಾರ"
    ],
    "am": [
        "ಪೂರ್ವಾಹ್ನ"
    ],
    "pm": [
        "ಅಪರಾಹ್ನ"
    ],
    "year": [
        "ವರ್ಷ"
    ],
    "month": [
        "ತಿಂಗಳು"
    ],
    "week": [
        "ವಾರ"
    ],
    "day": [
        "ದಿನ"
    ],
    "hour": [
        "ಗಂಟೆ"
    ],
    "minute": [
        "ನಿಮಿಷ"
    ],
    "second": [
        "ಸೆಕೆಂಡ್"
    ],
    "relative-type": {
        "0 day ago": [
            "ಇಂದು"
        ],
        "0 hour ago": [
            "ಈ ಗಂಟೆ"
        ],
        "0 minute ago": [
            "ಈ ನಿಮಿಷ"
        ],
        "0 month ago": [
            "ಈ ತಿಂಗಳು"
        ],
        "0 second ago": [
            "ಈಗ"
        ],
        "0 week ago": [
            "ಈ ವಾರ"
        ],
        "0 year ago": [
            "ಈ ವರ್ಷ"
        ],
        "1 day ago": [
            "ನಿನ್ನೆ"
        ],
        "1 month ago": [
            "ಕಳೆದ ತಿಂಗಳು"
        ],
        "1 week ago": [
            "ಕಳೆದ ವಾರ"
        ],
        "1 year ago": [
            "ಕಳೆದ ವರ್ಷ",
            "ಹಿಂದಿನ ವರ್ಷ"
        ],
        "in 1 day": [
            "ನಾಳೆ"
        ],
        "in 1 month": [
            "ಮುಂದಿನ ತಿಂಗಳು"
        ],
        "in 1 week": [
            "ಮುಂದಿನ ವಾರ"
        ],
        "in 1 year": [
            "ಮುಂದಿನ ವರ್ಷ"
        ]
    },
    "relative-type-regex": {
        "\\1 day ago": [
            "{0} ದಿನಗಳ ಹಿಂದೆ",
            "{0} ದಿನದ ಹಿಂದೆ"
        ],
        "\\1 hour ago": [
            "{0} ಗಂಟೆ ಹಿಂದೆ",
            "{0} ಗಂಟೆಗಳ ಹಿಂದೆ"
        ],
        "\\1 minute ago": [
            "{0} ನಿಮಿಷಗಳ ಹಿಂದೆ",
            "{0} ನಿಮಿಷದ ಹಿಂದೆ"
        ],
        "\\1 month ago": [
            "{0} ತಿಂಗಳ ಹಿಂದೆ",
            "{0} ತಿಂಗಳು ಹಿಂದೆ",
            "{0} ತಿಂಗಳುಗಳ ಹಿಂದೆ"
        ],
        "\\1 second ago": [
            "{0} ಸೆಕೆಂಡುಗಳ ಹಿಂದೆ",
            "{0} ಸೆಕೆಂಡ್ ಹಿಂದೆ"
        ],
        "\\1 week ago": [
            "{0} ವಾರಗಳ ಹಿಂದೆ",
            "{0} ವಾರದ ಹಿಂದೆ"
        ],
        "\\1 year ago": [
            "{0} ವರ್ಷಗಳ ಹಿಂದೆ",
            "{0} ವರ್ಷದ ಹಿಂದೆ"
        ],
        "in \\1 day": [
            "{0} ದಿನಗಳಲ್ಲಿ",
            "{0} ದಿನದಲ್ಲಿ"
        ],
        "in \\1 hour": [
            "{0} ಗಂಟೆಗಳಲ್ಲಿ",
            "{0} ಗಂಟೆಯಲ್ಲಿ"
        ],
        "in \\1 minute": [
            "{0} ನಿಮಿಷಗಳಲ್ಲಿ",
            "{0} ನಿಮಿಷದಲ್ಲಿ"
        ],
        "in \\1 month": [
            "{0} ತಿಂಗಳಲ್ಲಿ",
            "{0} ತಿಂಗಳುಗಳಲ್ಲಿ"
        ],
        "in \\1 second": [
            "{0} ಸೆಕೆಂಡ್‌ಗಳಲ್ಲಿ",
            "{0} ಸೆಕೆಂಡ್‌ನಲ್ಲಿ"
        ],
        "in \\1 week": [
            "{0} ವಾರಗಳಲ್ಲಿ",
            "{0} ವಾರದಲ್ಲಿ"
        ],
        "in \\1 year": [
            "{0} ವರ್ಷಗಳಲ್ಲಿ",
            "{0} ವರ್ಷದಲ್ಲಿ"
        ]
    },
    "locale_specific": {}
}