{
    "name": "ky",
    "date_order": "DMY",
    "january": [
        "янв",
        "январь"
    ],
    "february": [
        "фев",
        "февраль"
    ],
    "march": [
        "мар",
        "март"
    ],
    "april": [
        "апр",
        "апрель"
    ],
    "may": [
        "май"
    ],
    "june": [
        "июн",
        "июнь"
    ],
    "july": [
        "июл",
        "июль"
    ],
    "august": [
        "авг",
        "август"
    ],
    "september": [
        "сен",
        "сентябрь"
    ],
    "october": [
        "окт",
        "октябрь"
    ],
    "november": [
        "ноя",
        "ноябрь"
    ],
    "december": [
        "дек",
        "декабрь"
    ],
    "monday": [
        "дүй",
        "дүйшөмбү"
    ],
    "tuesday": [
        "шейш",
        "шейшемби"
    ],
    "wednesday": [
        "шарш",
        "шаршемби"
    ],
    "thursday": [
        "бейш",
        "бейшемби"
    ],
    "friday": [
        "жума"
    ],
    "saturday": [
        "ишемби",
        "ишм"
    ],
    "sunday": [
        "жек",
        "жекшемби"
    ],
    "am": [
        "таңкы",
        "тң"
    ],
    "pm": [
        "тк",
        "түштөн кийинки"
    ],
    "year": [
        "ж",
        "жыл"
    ],
    "month": [
        "ай"
    ],
    "week": [
        "апт",
        "апта"
    ],
    "day": [
        "күн"
    ],
    "hour": [
        "саат",
        "ст"
    ],
    "minute": [
        "м",
        "мүн",
        "мүнөт"
    ],
    "second": [
        "сек",
        "секунд"
    ],
    "relative-type": {
        "0 day ago": [
            "бүгүн"
        ],
        "0 hour ago": [
            "ушул саатта"
        ],
        "0 minute ago": [
            "ушул мүнөттө"
        ],
        "0 month ago": [
            "бул айда"
        ],
        "0 second ago": [
            "азыр"
        ],
        "0 week ago": [
            "ушул апт",
            "ушул аптада"
        ],
        "0 year ago": [
            "быйыл"
        ],
        "1 day ago": [
            "кечээ"
        ],
        "1 month ago": [
            "өткөн айда"
        ],
        "1 week ago": [
            "өткөн апт",
            "өткөн аптада"
        ],
        "1 year ago": [
            "былтыр"
        ],
        "in 1 day": [
            "эртеӊ"
        ],
        "in 1 month": [
            "эмдиги айда"
        ],
        "in 1 week": [
            "келерки апт",
            "келерки аптада"
        ],
        "in 1 year": [
            "эмдиги жылы"
        ]
    },
    "relative-type-regex": {
        "\\1 day ago": [
            "{0} күн мурун"
        ],
        "\\1 hour ago": [
            "{0} с мурн",
            "{0} саат мурун"
        ],
        "\\1 minute ago": [
            "{0} мүн мурн",
            "{0} мүн мурун",
            "{0} мүнөт мурун"
        ],
        "\\1 month ago": [
            "{0} ай мурн",
            "{0} ай мурун"
        ],
        "\\1 second ago": [
            "{0} сек мурн",
            "{0} сек мурун",
            "{0} секунд мурун"
        ],
        "\\1 week ago": [
            "{0} апт мурун",
            "{0} апта мурун"
        ],
        "\\1 year ago": [
            "{0} жыл мурун"
        ],
        "in \\1 day": [
            "{0} күн кийин",
            "{0} күндөн кийин"
        ],
        "in \\1 hour": [
            "{0} с кийн",
            "{0} саат кийин",
            "{0} сааттан кийин"
        ],
        "in \\1 minute": [
            "{0} мүн кийин",
            "{0} мүн кийн",
            "{0} мүнөттөн кийин"
        ],
        "in \\1 month": [
            "{0} айд кийин",
            "{0} айд кийн",
            "{0} айдан кийин"
        ],
        "in \\1 second": [
            "{0} сек кийин",
            "{0} сек кийн",
            "{0} секунддан кийин"
        ],
        "in \\1 week": [
            "{0} апт кийин",
            "{0} аптадан кийин"
        ],
        "in \\1 year": [
            "{0} жыл кийин",
            "{0} жылдан кийин"
        ]
    },
    "locale_specific": {}
}