{
    "name": "lb",
    "date_order": "DMY",
    "january": [
        "jan",
        "januar"
    ],
    "february": [
        "feb",
        "februar"
    ],
    "march": [
        "mäe",
        "mäerz"
    ],
    "april": [
        "abr",
        "abrëll"
    ],
    "may": [
        "mee"
    ],
    "june": [
        "jun",
        "juni"
    ],
    "july": [
        "jul",
        "juli"
    ],
    "august": [
        "aug",
        "august"
    ],
    "september": [
        "sep",
        "september"
    ],
    "october": [
        "okt",
        "oktober"
    ],
    "november": [
        "nov",
        "november"
    ],
    "december": [
        "dez",
        "dezember"
    ],
    "monday": [
        "méi",
        "méindeg"
    ],
    "tuesday": [
        "dën",
        "dënschdeg"
    ],
    "wednesday": [
        "mët",
        "mëttwoch"
    ],
    "thursday": [
        "don",
        "donneschdeg"
    ],
    "friday": [
        "fre",
        "freideg"
    ],
    "saturday": [
        "sam",
        "samschdeg"
    ],
    "sunday": [
        "son",
        "sonndeg"
    ],
    "am": [
        "moies"
    ],
    "pm": [
        "nomëttes"
    ],
    "year": [
        "j",
        "joer"
    ],
    "month": [
        "m",
        "mount"
    ],
    "week": [
        "w",
        "woch"
    ],
    "day": [
        "d",
        "dag"
    ],
    "hour": [
        "st",
        "stonn"
    ],
    "minute": [
        "min",
        "minutt"
    ],
    "second": [
        "sek",
        "sekonn"
    ],
    "relative-type": {
        "0 day ago": [
            "haut"
        ],
        "0 hour ago": [
            "this hour"
        ],
        "0 minute ago": [
            "this minute"
        ],
        "0 month ago": [
            "dëse mount"
        ],
        "0 second ago": [
            "now"
        ],
        "0 week ago": [
            "dës woch"
        ],
        "0 year ago": [
            "dëst joer"
        ],
        "1 day ago": [
            "gëschter"
        ],
        "1 month ago": [
            "leschte mount"
        ],
        "1 week ago": [
            "lescht woch"
        ],
        "1 year ago": [
            "lescht joer"
        ],
        "in 1 day": [
            "muer"
        ],
        "in 1 month": [
            "nächste mount"
        ],
        "in 1 week": [
            "nächst woch"
        ],
        "in 1 year": [
            "nächst joer"
        ]
    },
    "relative-type-regex": {
        "\\1 day ago": [
            "virun {0} d",
            "virun {0} dag"
        ],
        "\\1 hour ago": [
            "virun {0} st",
            "virun {0} stonn"
        ],
        "\\1 minute ago": [
            "virun {0} min",
            "virun {0} minutt"
        ],
        "\\1 month ago": [
            "virun {0} m",
            "virun {0} mount"
        ],
        "\\1 second ago": [
            "virun {0} sek",
            "virun {0} sekonn"
        ],
        "\\1 week ago": [
            "virun {0} w",
            "virun {0} woch"
        ],
        "\\1 year ago": [
            "virun {0} j",
            "virun {0} joer"
        ],
        "in \\1 day": [
            "an {0} d",
            "an {0} dag"
        ],
        "in \\1 hour": [
            "an {0} st",
            "an {0} stonn"
        ],
        "in \\1 minute": [
            "an {0} min",
            "an {0} minutt"
        ],
        "in \\1 month": [
            "an {0} m",
            "an {0} mount"
        ],
        "in \\1 second": [
            "an {0} sek",
            "an {0} sekonn"
        ],
        "in \\1 week": [
            "an {0} w",
            "an {0} woch"
        ],
        "in \\1 year": [
            "an {0} j",
            "an {0} joer"
        ]
    },
    "locale_specific": {}
}