{
    "name": "lo",
    "date_order": "DMY",
    "january": [
        "ມກ",
        "ມັງກອນ"
    ],
    "february": [
        "ກພ",
        "ກຸມພາ"
    ],
    "march": [
        "ມນ",
        "ມີນາ"
    ],
    "april": [
        "ມສ",
        "ເມສາ"
    ],
    "may": [
        "ພພ",
        "ພຶດສະພາ"
    ],
    "june": [
        "ມິຖ",
        "ມິຖຸນາ"
    ],
    "july": [
        "ກລ",
        "ກໍລະກົດ"
    ],
    "august": [
        "ສຫ",
        "ສິງຫາ"
    ],
    "september": [
        "ກຍ",
        "ກັນຍາ"
    ],
    "october": [
        "ຕລ",
        "ຕຸລາ"
    ],
    "november": [
        "ພຈ",
        "ພະຈິກ"
    ],
    "december": [
        "ທວ",
        "ທັນວາ"
    ],
    "monday": [
        "ຈັນ",
        "ວັນຈັນ"
    ],
    "tuesday": [
        "ວັນອັງຄານ",
        "ອັງຄານ"
    ],
    "wednesday": [
        "ພຸດ",
        "ວັນພຸດ"
    ],
    "thursday": [
        "ພະຫັດ",
        "ວັນພະຫັດ"
    ],
    "friday": [
        "ວັນສຸກ",
        "ສຸກ"
    ],
    "saturday": [
        "ວັນເສົາ",
        "ເສົາ"
    ],
    "sunday": [
        "ວັນອາທິດ",
        "ອາທິດ"
    ],
    "am": [
        "ກ່ອນທ່ຽງ"
    ],
    "pm": [
        "ຫຼັງທ່ຽງ"
    ],
    "year": [
        "ປີ"
    ],
    "month": [
        "ດ",
        "ເດືອນ"
    ],
    "week": [
        "ອ",
        "ອາທິດ"
    ],
    "day": [
        "ມື້"
    ],
    "hour": [
        "ຊມ",
        "ຊົ່ວໂມງ"
    ],
    "minute": [
        "ນທ",
        "ນາທີ"
    ],
    "second": [
        "ວິ",
        "ວິນາທີ"
    ],
    "relative-type": {
        "0 day ago": [
            "ມື້ນີ້"
        ],
        "0 hour ago": [
            "ຊົ່ວໂມງນີ້"
        ],
        "0 minute ago": [
            "ນາທີນີ້"
        ],
        "0 month ago": [
            "ເດືອນນີ້"
        ],
        "0 second ago": [
            "ຕອນນີ້"
        ],
        "0 week ago": [
            "ອາທິດນີ້"
        ],
        "0 year ago": [
            "ປີນີ້"
        ],
        "1 day ago": [
            "ມື້ວານ"
        ],
        "1 month ago": [
            "ເດືອນແລ້ວ"
        ],
        "1 week ago": [
            "ອາທິດແລ້ວ"
        ],
        "1 year ago": [
            "ປີກາຍ"
        ],
        "in 1 day": [
            "ມື້ອື່ນ"
        ],
        "in 1 month": [
            "ເດືອນໜ້າ"
        ],
        "in 1 week": [
            "ອາທິດໜ້າ"
        ],
        "in 1 year": [
            "ປີໜ້າ"
        ]
    },
    "relative-type-regex": {
        "\\1 day ago": [
            "{0} ມື້ກ່ອນ"
        ],
        "\\1 hour ago": [
            "{0} ຊມ ກ່ອນ",
            "{0} ຊົ່ວໂມງກ່ອນ"
        ],
        "\\1 minute ago": [
            "{0} ນທ ກ່ອນ",
            "{0} ນາທີກ່ອນ"
        ],
        "\\1 month ago": [
            "{0} ດ ກ່ອນ",
            "{0} ເດືອນກ່ອນ"
        ],
        "\\1 second ago": [
            "{0} ວິ ກ່ອນ",
            "{0} ວິນາທີກ່ອນ"
        ],
        "\\1 week ago": [
            "{0} ອທ ກ່ອນ",
            "{0} ອາທິດກ່ອນ"
        ],
        "\\1 year ago": [
            "{0} ປີກ່ອນ"
        ],
        "in \\1 day": [
            "ໃນອີກ {0} ມື້"
        ],
        "in \\1 hour": [
            "ໃນອີກ {0} ຊມ",
            "ໃນອີກ {0} ຊົ່ວໂມງ"
        ],
        "in \\1 minute": [
            "{0} ໃນອີກ 0 ນາທີ",
            "ໃນ {0} ນທ"
        ],
        "in \\1 month": [
            "ໃນອີກ {0} ດ",
            "ໃນອີກ {0} ເດືອນ"
        ],
        "in \\1 second": [
            "ໃນ {0} ວິ",
            "ໃນອີກ {0} ວິນາທີ"
        ],
        "in \\1 week": [
            "ໃນອີກ {0} ອທ",
            "ໃນອີກ {0} ອາທິດ"
        ],
        "in \\1 year": [
            "ໃນອີກ {0} ປີ"
        ]
    },
    "locale_specific": {}
}