{
    "name": "lt",
    "date_order": "YMD",
    "january": [
        "saus",
        "sausio",
        "sausis"
    ],
    "february": [
        "vas",
        "vasario",
        "vasaris"
    ],
    "march": [
        "kov",
        "kovas",
        "kovo"
    ],
    "april": [
        "bal",
        "balandis",
        "balandžio"
    ],
    "may": [
        "geg",
        "gegužė",
        "gegužės"
    ],
    "june": [
        "birž",
        "birželio",
        "birželis"
    ],
    "july": [
        "liep",
        "liepa",
        "liepos"
    ],
    "august": [
        "rugp",
        "rugpjūtis",
        "rugpjūčio"
    ],
    "september": [
        "rugs",
        "rugsėjis",
        "rugsėjo"
    ],
    "october": [
        "spal",
        "spalio",
        "spalis"
    ],
    "november": [
        "lapkr",
        "lapkritis",
        "lapkričio"
    ],
    "december": [
        "gruod",
        "gruodis",
        "gruodžio"
    ],
    "monday": [
        "pirmadienis",
        "pr"
    ],
    "tuesday": [
        "an",
        "antradienis"
    ],
    "wednesday": [
        "tr",
        "trečiadienis"
    ],
    "thursday": [
        "ketvirtadienis",
        "kt"
    ],
    "friday": [
        "penktadienis",
        "pn"
    ],
    "saturday": [
        "šeštadienis",
        "št"
    ],
    "sunday": [
        "sekmadienis",
        "sk"
    ],
    "am": [
        "priešpiet"
    ],
    "pm": [
        "popiet"
    ],
    "year": [
        "m",
        "metai"
    ],
    "month": [
        "mėn",
        "mėnuo"
    ],
    "week": [
        "sav",
        "savaitė"
    ],
    "day": [
        "d",
        "diena"
    ],
    "hour": [
        "h",
        "val",
        "valanda"
    ],
    "minute": [
        "min",
        "minutė"
    ],
    "second": [
        "s",
        "sek",
        "sekundė"
    ],
    "relative-type": {
        "0 day ago": [
            "šiandien"
        ],
        "0 hour ago": [
            "šią valandą"
        ],
        "0 minute ago": [
            "šią minutę"
        ],
        "0 month ago": [
            "šį mėnesį"
        ],
        "0 second ago": [
            "dabar"
        ],
        "0 week ago": [
            "šią savaitę"
        ],
        "0 year ago": [
            "šiais metais"
        ],
        "1 day ago": [
            "vakar"
        ],
        "1 month ago": [
            "praėjusį mėnesį"
        ],
        "1 week ago": [
            "praėjusią savaitę"
        ],
        "1 year ago": [
            "praėjusiais metais"
        ],
        "in 1 day": [
            "rytoj"
        ],
        "in 1 month": [
            "kitą mėnesį"
        ],
        "in 1 week": [
            "kitą savaitę"
        ],
        "in 1 year": [
            "kitais metais"
        ]
    },
    "relative-type-regex": {
        "\\1 day ago": [
            "prieš {0} d",
            "prieš {0} dieną",
            "prieš {0} dienų"
        ],
        "\\1 hour ago": [
            "prieš {0} val",
            "prieš {0} valandą",
            "prieš {0} valandų"
        ],
        "\\1 minute ago": [
            "prieš {0} min",
            "prieš {0} minutę",
            "prieš {0} minučių"
        ],
        "\\1 month ago": [
            "prieš {0} mėn",
            "prieš {0} mėnesių",
            "prieš {0} mėnesį"
        ],
        "\\1 second ago": [
            "prieš {0} s",
            "prieš {0} sek",
            "prieš {0} sekundę",
            "prieš {0} sekundžių"
        ],
        "\\1 week ago": [
            "prieš {0} sav",
            "prieš {0} savaitę",
            "prieš {0} savaičių"
        ],
        "\\1 year ago": [
            "prieš {0} m",
            "prieš {0} metus",
            "prieš {0} metų"
        ],
        "in \\1 day": [
            "po {0} d",
            "po {0} dienos",
            "po {0} dienų"
        ],
        "in \\1 hour": [
            "po {0} val",
            "po {0} valandos",
            "po {0} valandų"
        ],
        "in \\1 minute": [
            "po {0} min",
            "po {0} minutės",
            "po {0} minučių"
        ],
        "in \\1 month": [
            "po {0} mėn",
            "po {0} mėnesio",
            "po {0} mėnesių"
        ],
        "in \\1 second": [
            "po {0} s",
            "po {0} sek",
            "po {0} sekundės",
            "po {0} sekundžių"
        ],
        "in \\1 week": [
            "po {0} sav",
            "po {0} savaitės",
            "po {0} savaičių"
        ],
        "in \\1 year": [
            "po {0} m",
            "po {0} metų"
        ]
    },
    "locale_specific": {}
}