{
    "name": "lv",
    "date_order": "DMY",
    "january": [
        "janv",
        "janvāris"
    ],
    "february": [
        "febr",
        "februāris"
    ],
    "march": [
        "marts"
    ],
    "april": [
        "apr",
        "aprīlis"
    ],
    "may": [
        "maijs"
    ],
    "june": [
        "jūn",
        "jūnijs"
    ],
    "july": [
        "jūl",
        "jūlijs"
    ],
    "august": [
        "aug",
        "augusts"
    ],
    "september": [
        "sept",
        "septembris"
    ],
    "october": [
        "okt",
        "oktobris"
    ],
    "november": [
        "nov",
        "novembris"
    ],
    "december": [
        "dec",
        "decembris"
    ],
    "monday": [
        "pirmd",
        "pirmdiena"
    ],
    "tuesday": [
        "otrd",
        "otrdiena"
    ],
    "wednesday": [
        "trešd",
        "trešdiena"
    ],
    "thursday": [
        "ceturtd",
        "ceturtdiena"
    ],
    "friday": [
        "piektd",
        "piektdiena"
    ],
    "saturday": [
        "sestd",
        "sestdiena"
    ],
    "sunday": [
        "svētd",
        "svētdiena"
    ],
    "am": [
        "priekšp",
        "priekšpusdiena",
        "priekšpusdienā"
    ],
    "pm": [
        "pēcp",
        "pēcpusd",
        "pēcpusdiena",
        "pēcpusdienā"
    ],
    "year": [
        "g",
        "gads"
    ],
    "month": [
        "mēn",
        "mēnesis"
    ],
    "week": [
        "ned",
        "nedēļa"
    ],
    "day": [
        "d",
        "diena"
    ],
    "hour": [
        "h",
        "st",
        "stundas"
    ],
    "minute": [
        "min",
        "minūtes"
    ],
    "second": [
        "s",
        "sek",
        "sekundes"
    ],
    "relative-type": {
        "0 day ago": [
            "šodien"
        ],
        "0 hour ago": [
            "šajā stundā"
        ],
        "0 minute ago": [
            "šajā minūtē"
        ],
        "0 month ago": [
            "šajā mēnesī"
        ],
        "0 second ago": [
            "tagad"
        ],
        "0 week ago": [
            "šajā nedēļā"
        ],
        "0 year ago": [
            "šajā gadā"
        ],
        "1 day ago": [
            "vakar"
        ],
        "1 month ago": [
            "pagājušajā mēnesī"
        ],
        "1 week ago": [
            "pagājušajā nedēļā"
        ],
        "1 year ago": [
            "pagājušajā gadā"
        ],
        "in 1 day": [
            "rīt"
        ],
        "in 1 month": [
            "nākamajā mēnesī"
        ],
        "in 1 week": [
            "nākamajā nedēļā"
        ],
        "in 1 year": [
            "nākamajā gadā"
        ]
    },
    "relative-type-regex": {
        "\\1 day ago": [
            "pirms {0} d",
            "pirms {0} dienas",
            "pirms {0} dienām"
        ],
        "\\1 hour ago": [
            "pirms {0} h",
            "pirms {0} st",
            "pirms {0} stundas",
            "pirms {0} stundām"
        ],
        "\\1 minute ago": [
            "pirms {0} min",
            "pirms {0} minūtes",
            "pirms {0} minūtēm"
        ],
        "\\1 month ago": [
            "pirms {0} mēn",
            "pirms {0} mēneša",
            "pirms {0} mēnešiem"
        ],
        "\\1 second ago": [
            "pirms {0} s",
            "pirms {0} sek",
            "pirms {0} sekundes",
            "pirms {0} sekundēm"
        ],
        "\\1 week ago": [
            "pirms {0} ned",
            "pirms {0} nedēļas",
            "pirms {0} nedēļām"
        ],
        "\\1 year ago": [
            "pirms {0} g",
            "pirms {0} gada",
            "pirms {0} gadiem"
        ],
        "in \\1 day": [
            "pēc {0} d",
            "pēc {0} dienas",
            "pēc {0} dienām"
        ],
        "in \\1 hour": [
            "pēc {0} h",
            "pēc {0} st",
            "pēc {0} stundas",
            "pēc {0} stundām"
        ],
        "in \\1 minute": [
            "pēc {0} min",
            "pēc {0} minūtes",
            "pēc {0} minūtēm"
        ],
        "in \\1 month": [
            "pēc {0} mēn",
            "pēc {0} mēneša",
            "pēc {0} mēnešiem"
        ],
        "in \\1 second": [
            "pēc {0} s",
            "pēc {0} sek",
            "pēc {0} sekundes",
            "pēc {0} sekundēm"
        ],
        "in \\1 week": [
            "pēc {0} ned",
            "pēc {0} nedēļas",
            "pēc {0} nedēļām"
        ],
        "in \\1 year": [
            "pēc {0} g",
            "pēc {0} gada",
            "pēc {0} gadiem"
        ]
    },
    "locale_specific": {}
}