{
    "name": "mk",
    "date_order": "DMY",
    "january": [
        "јан",
        "јануари"
    ],
    "february": [
        "фев",
        "февруари"
    ],
    "march": [
        "мар",
        "март"
    ],
    "april": [
        "апр",
        "април"
    ],
    "may": [
        "мај"
    ],
    "june": [
        "јун",
        "јуни"
    ],
    "july": [
        "јул",
        "јули"
    ],
    "august": [
        "авг",
        "август"
    ],
    "september": [
        "септ",
        "септември"
    ],
    "october": [
        "окт",
        "октомври"
    ],
    "november": [
        "ноем",
        "ноември"
    ],
    "december": [
        "дек",
        "декември"
    ],
    "monday": [
        "пон",
        "понеделник"
    ],
    "tuesday": [
        "вт",
        "вто",
        "вторник"
    ],
    "wednesday": [
        "сре",
        "среда"
    ],
    "thursday": [
        "чет",
        "четврток"
    ],
    "friday": [
        "пет",
        "петок"
    ],
    "saturday": [
        "саб",
        "сабота"
    ],
    "sunday": [
        "нед",
        "недела"
    ],
    "am": [
        "претпл",
        "претпладне"
    ],
    "pm": [
        "попл",
        "попладне"
    ],
    "year": [
        "год",
        "година"
    ],
    "month": [
        "мес",
        "месец"
    ],
    "week": [
        "недела",
        "сед"
    ],
    "day": [
        "ден"
    ],
    "hour": [
        "час"
    ],
    "minute": [
        "мин",
        "минута"
    ],
    "second": [
        "сек",
        "секунда"
    ],
    "relative-type": {
        "0 day ago": [
            "денес"
        ],
        "0 hour ago": [
            "часов"
        ],
        "0 minute ago": [
            "оваа минута"
        ],
        "0 month ago": [
            "овој месец"
        ],
        "0 second ago": [
            "сега"
        ],
        "0 week ago": [
            "оваа седмица"
        ],
        "0 year ago": [
            "оваа година"
        ],
        "1 day ago": [
            "вчера"
        ],
        "1 month ago": [
            "минатиот месец"
        ],
        "1 week ago": [
            "минатата седмица"
        ],
        "1 year ago": [
            "минатата година"
        ],
        "in 1 day": [
            "утре"
        ],
        "in 1 month": [
            "следниот месец"
        ],
        "in 1 week": [
            "следната седмица"
        ],
        "in 1 year": [
            "следната година"
        ]
    },
    "relative-type-regex": {
        "\\1 day ago": [
            "пред {0} ден",
            "пред {0} дена"
        ],
        "\\1 hour ago": [
            "пред {0} час",
            "пред {0} часа"
        ],
        "\\1 minute ago": [
            "пред {0} минута",
            "пред {0} минути"
        ],
        "\\1 month ago": [
            "пред {0} месец",
            "пред {0} месеци"
        ],
        "\\1 second ago": [
            "пред {0} секунда",
            "пред {0} секунди"
        ],
        "\\1 week ago": [
            "пред {0} седмица",
            "пред {0} седмици"
        ],
        "\\1 year ago": [
            "пред {0} година",
            "пред {0} години"
        ],
        "in \\1 day": [
            "за {0} ден",
            "за {0} дена"
        ],
        "in \\1 hour": [
            "за {0} час",
            "за {0} часа"
        ],
        "in \\1 minute": [
            "за {0} минута",
            "за {0} минути"
        ],
        "in \\1 month": [
            "за {0} месец",
            "за {0} месеци"
        ],
        "in \\1 second": [
            "за {0} секунда",
            "за {0} секунди"
        ],
        "in \\1 week": [
            "за {0} седмица",
            "за {0} седмици"
        ],
        "in \\1 year": [
            "за {0} година",
            "за {0} години"
        ]
    },
    "locale_specific": {}
}