{
    "name": "mn",
    "date_order": "YMD",
    "january": [
        "1-р сар",
        "нэгдүгээр сар"
    ],
    "february": [
        "2-р сар",
        "хоёрдугаар сар"
    ],
    "march": [
        "3-р сар",
        "гуравдугаар сар"
    ],
    "april": [
        "4-р сар",
        "дөрөвдүгээр сар"
    ],
    "may": [
        "5-р сар",
        "тавдугаар сар"
    ],
    "june": [
        "6-р сар",
        "зургадугаар сар"
    ],
    "july": [
        "7-р сар",
        "долдугаар сар"
    ],
    "august": [
        "8-р сар",
        "наймдугаар сар"
    ],
    "september": [
        "9-р сар",
        "есдүгээр сар"
    ],
    "october": [
        "10-р сар",
        "аравдугаар сар"
    ],
    "november": [
        "11-р сар",
        "арван нэгдүгээр сар"
    ],
    "december": [
        "12-р сар",
        "арван хоёрдугаар сар"
    ],
    "monday": [
        "да",
        "даваа"
    ],
    "tuesday": [
        "мя",
        "мягмар"
    ],
    "wednesday": [
        "лх",
        "лхагва"
    ],
    "thursday": [
        "пү",
        "пүрэв"
    ],
    "friday": [
        "ба",
        "баасан"
    ],
    "saturday": [
        "бя",
        "бямба"
    ],
    "sunday": [
        "ня",
        "ням"
    ],
    "am": [
        "үө"
    ],
    "pm": [
        "үх"
    ],
    "year": [
        "жил"
    ],
    "month": [
        "сар"
    ],
    "week": [
        "7х",
        "долоо хоног"
    ],
    "day": [
        "өдөр"
    ],
    "hour": [
        "ц",
        "цаг"
    ],
    "minute": [
        "мин",
        "минут"
    ],
    "second": [
        "сек",
        "секунд"
    ],
    "relative-type": {
        "0 day ago": [
            "өнөөдөр"
        ],
        "0 hour ago": [
            "энэ цаг"
        ],
        "0 minute ago": [
            "энэ минут"
        ],
        "0 month ago": [
            "энэ сар"
        ],
        "0 second ago": [
            "одоо"
        ],
        "0 week ago": [
            "энэ долоо хоног"
        ],
        "0 year ago": [
            "энэ жил"
        ],
        "1 day ago": [
            "өчигдөр"
        ],
        "1 month ago": [
            "өнгөрсөн сар"
        ],
        "1 week ago": [
            "өнгөрсөн долоо хоног"
        ],
        "1 year ago": [
            "өнгөрсөн жил"
        ],
        "in 1 day": [
            "маргааш"
        ],
        "in 1 month": [
            "ирэх сар"
        ],
        "in 1 week": [
            "ирэх долоо хоног"
        ],
        "in 1 year": [
            "ирэх жил"
        ]
    },
    "relative-type-regex": {
        "\\1 day ago": [
            "{0} өдрийн өмнө"
        ],
        "\\1 hour ago": [
            "{0} ц өмнө",
            "{0} цагийн өмнө"
        ],
        "\\1 minute ago": [
            "{0} мин өмнө",
            "{0} минутын өмнө"
        ],
        "\\1 month ago": [
            "{0} сарын өмнө"
        ],
        "\\1 second ago": [
            "{0} сек өмнө",
            "{0} секундын өмнө"
        ],
        "\\1 week ago": [
            "{0} 7х-ийн өмнө"
        ],
        "\\1 year ago": [
            "{0} жилийн өмнө"
        ],
        "in \\1 day": [
            "{0} өдрийн дараа",
            "{0} өдөрт"
        ],
        "in \\1 hour": [
            "{0} ц дараа",
            "{0} цагийн дараа"
        ],
        "in \\1 minute": [
            "{0} мин дараа",
            "{0} минутын дараа"
        ],
        "in \\1 month": [
            "{0} сарын дараа"
        ],
        "in \\1 second": [
            "{0} сек дараа",
            "{0} секундын дараа"
        ],
        "in \\1 week": [
            "{0} 7х-ийн дараа"
        ],
        "in \\1 year": [
            "{0} жилийн дараа"
        ]
    },
    "locale_specific": {}
}