{
    "name": "mr",
    "date_order": "DMY",
    "january": [
        "जाने",
        "जानेवारी"
    ],
    "february": [
        "फेब्रु",
        "फेब्रुवारी"
    ],
    "march": [
        "मार्च"
    ],
    "april": [
        "एप्रि",
        "एप्रिल"
    ],
    "may": [
        "मे"
    ],
    "june": [
        "जून"
    ],
    "july": [
        "जुलै"
    ],
    "august": [
        "ऑग",
        "ऑगस्ट"
    ],
    "september": [
        "सप्टें",
        "सप्टेंबर"
    ],
    "october": [
        "ऑक्टो",
        "ऑक्टोबर"
    ],
    "november": [
        "नोव्हें",
        "नोव्हेंबर"
    ],
    "december": [
        "डिसें",
        "डिसेंबर"
    ],
    "monday": [
        "सोम",
        "सोमवार"
    ],
    "tuesday": [
        "मंगळ",
        "मंगळवार"
    ],
    "wednesday": [
        "बुध",
        "बुधवार"
    ],
    "thursday": [
        "गुरु",
        "गुरुवार"
    ],
    "friday": [
        "शुक्र",
        "शुक्रवार"
    ],
    "saturday": [
        "शनि",
        "शनिवार"
    ],
    "sunday": [
        "रवि",
        "रविवार"
    ],
    "am": [
        "मपू"
    ],
    "pm": [
        "मउ"
    ],
    "year": [
        "वर्ष"
    ],
    "month": [
        "महिना"
    ],
    "week": [
        "आठवडा"
    ],
    "day": [
        "दिवस"
    ],
    "hour": [
        "तास"
    ],
    "minute": [
        "मि",
        "मिनिट"
    ],
    "second": [
        "से",
        "सेकंद"
    ],
    "relative-type": {
        "0 day ago": [
            "आज"
        ],
        "0 hour ago": [
            "तासात"
        ],
        "0 minute ago": [
            "या मिनिटात"
        ],
        "0 month ago": [
            "हा महिना"
        ],
        "0 second ago": [
            "आत्ता"
        ],
        "0 week ago": [
            "हा आठवडा"
        ],
        "0 year ago": [
            "हे वर्ष"
        ],
        "1 day ago": [
            "काल"
        ],
        "1 month ago": [
            "मागील महिना"
        ],
        "1 week ago": [
            "मागील आठवडा"
        ],
        "1 year ago": [
            "मागील वर्ष"
        ],
        "in 1 day": [
            "उद्या"
        ],
        "in 1 month": [
            "पुढील महिना"
        ],
        "in 1 week": [
            "पुढील आठवडा"
        ],
        "in 1 year": [
            "पुढील वर्ष"
        ]
    },
    "relative-type-regex": {
        "\\1 day ago": [
            "{0} दिवसांपूर्वी",
            "{0} दिवसापूर्वी"
        ],
        "\\1 hour ago": [
            "{0} तासांपूर्वी",
            "{0} तासापूर्वी"
        ],
        "\\1 minute ago": [
            "{0} मिनि पूर्वी",
            "{0} मिनिटांपूर्वी",
            "{0} मिनिटापूर्वी"
        ],
        "\\1 month ago": [
            "{0} महिन्यांपूर्वी",
            "{0} महिन्यापूर्वी"
        ],
        "\\1 second ago": [
            "{0} से पूर्वी",
            "{0} सेकंदांपूर्वी",
            "{0} सेकंदापूर्वी"
        ],
        "\\1 week ago": [
            "{0} आठवड्यांपूर्वी",
            "{0} आठवड्यापूर्वी"
        ],
        "\\1 year ago": [
            "{0} वर्षांपूर्वी",
            "{0} वर्षापूर्वी"
        ],
        "in \\1 day": [
            "{0} दिवसांमध्ये",
            "{0} दिवसामध्ये"
        ],
        "in \\1 hour": [
            "{0} तासांमध्ये",
            "{0} तासामध्ये"
        ],
        "in \\1 minute": [
            "{0} मिनि मध्ये",
            "{0} मिनिटांमध्ये",
            "{0} मिनिटामध्ये"
        ],
        "in \\1 month": [
            "{0} महिन्यांमध्ये",
            "{0} महिन्यामध्ये"
        ],
        "in \\1 second": [
            "{0} से मध्ये",
            "{0} सेकंदांमध्ये",
            "{0} सेकंदामध्ये"
        ],
        "in \\1 week": [
            "{0} आठवड्यांमध्ये",
            "{0} आठवड्यामध्ये"
        ],
        "in \\1 year": [
            "{0} वर्षांमध्ये",
            "{0} वर्षामध्ये"
        ]
    },
    "locale_specific": {}
}