{
    "name": "ms",
    "date_order": "DMY",
    "january": [
        "jan",
        "januari"
    ],
    "february": [
        "feb",
        "februari"
    ],
    "march": [
        "mac"
    ],
    "april": [
        "apr",
        "april"
    ],
    "may": [
        "mei"
    ],
    "june": [
        "jun"
    ],
    "july": [
        "jul",
        "julai"
    ],
    "august": [
        "ogo",
        "ogos"
    ],
    "september": [
        "sep",
        "september"
    ],
    "october": [
        "okt",
        "oktober"
    ],
    "november": [
        "nov",
        "november"
    ],
    "december": [
        "dis",
        "disember"
    ],
    "monday": [
        "isn",
        "isnin"
    ],
    "tuesday": [
        "sel",
        "selasa"
    ],
    "wednesday": [
        "rab",
        "rabu"
    ],
    "thursday": [
        "kha",
        "khamis"
    ],
    "friday": [
        "jum",
        "jumaat"
    ],
    "saturday": [
        "sab",
        "sabtu"
    ],
    "sunday": [
        "ahad",
        "ahd"
    ],
    "am": [
        "pg"
    ],
    "pm": [
        "ptg"
    ],
    "year": [
        "tahun",
        "thn"
    ],
    "month": [
        "bln",
        "bulan"
    ],
    "week": [
        "mgu",
        "minggu"
    ],
    "day": [
        "hari"
    ],
    "hour": [
        "jam"
    ],
    "minute": [
        "min",
        "minit"
    ],
    "second": [
        "saat"
    ],
    "relative-type": {
        "0 day ago": [
            "hari ini"
        ],
        "0 hour ago": [
            "jam ini"
        ],
        "0 minute ago": [
            "pada minit ini"
        ],
        "0 month ago": [
            "bln ini",
            "bulan ini"
        ],
        "0 second ago": [
            "sekarang"
        ],
        "0 week ago": [
            "minggu ini",
            "mng ini"
        ],
        "0 year ago": [
            "tahun ini",
            "thn ini"
        ],
        "1 day ago": [
            "semalam",
            "semlm"
        ],
        "1 month ago": [
            "bln lalu",
            "bulan lalu"
        ],
        "1 week ago": [
            "minggu lalu",
            "mng lepas"
        ],
        "1 year ago": [
            "tahun lalu",
            "thn lepas"
        ],
        "in 1 day": [
            "esok"
        ],
        "in 1 month": [
            "bln depan",
            "bulan depan"
        ],
        "in 1 week": [
            "minggu depan",
            "mng depan"
        ],
        "in 1 year": [
            "tahun depan",
            "thn depan"
        ]
    },
    "relative-type-regex": {
        "\\1 day ago": [
            "{0} hari lalu"
        ],
        "\\1 hour ago": [
            "{0} jam lalu"
        ],
        "\\1 minute ago": [
            "{0} min lalu",
            "{0} minit lalu"
        ],
        "\\1 month ago": [
            "{0} bln lalu",
            "{0} bulan lalu"
        ],
        "\\1 second ago": [
            "{0} saat lalu"
        ],
        "\\1 week ago": [
            "{0} mgu lalu",
            "{0} minggu lalu"
        ],
        "\\1 year ago": [
            "{0} tahun lalu",
            "{0} thn lalu"
        ],
        "in \\1 day": [
            "dalam {0} hari",
            "dlm {0} hari"
        ],
        "in \\1 hour": [
            "dalam {0} jam",
            "dlm {0} jam"
        ],
        "in \\1 minute": [
            "dalam {0} minit",
            "dlm {0} min"
        ],
        "in \\1 month": [
            "dalam {0} bulan",
            "dlm {0} bln"
        ],
        "in \\1 second": [
            "dalam {0} saat",
            "dlm {0} saat"
        ],
        "in \\1 week": [
            "dalam {0} minggu",
            "dlm {0} mgu"
        ],
        "in \\1 year": [
            "dalam {0} saat",
            "dalam {0} thn"
        ]
    },
    "locale_specific": {
        "ms-BN": {
            "name": "ms-BN"
        },
        "ms-SG": {
            "name": "ms-SG"
        }
    }
}