{
    "name": "mzn",
    "date_order": "YMD",
    "january": [
        "ژانویه"
    ],
    "february": [
        "فوریه"
    ],
    "march": [
        "مارس"
    ],
    "april": [
        "آوریل"
    ],
    "may": [
        "مه"
    ],
    "june": [
        "ژوئن"
    ],
    "july": [
        "ژوئیه"
    ],
    "august": [
        "اوت"
    ],
    "september": [
        "سپتامبر"
    ],
    "october": [
        "اکتبر"
    ],
    "november": [
        "نوامبر"
    ],
    "december": [
        "دسامبر"
    ],
    "monday": [
        "mon"
    ],
    "tuesday": [
        "tue"
    ],
    "wednesday": [
        "wed"
    ],
    "thursday": [
        "thu"
    ],
    "friday": [
        "fri"
    ],
    "saturday": [
        "sat"
    ],
    "sunday": [
        "sun"
    ],
    "am": [
        "am"
    ],
    "pm": [
        "pm"
    ],
    "year": [
        "سال"
    ],
    "month": [
        "ماه"
    ],
    "week": [
        "هفته"
    ],
    "day": [
        "روز"
    ],
    "hour": [
        "ساعت",
        "ساعِت"
    ],
    "minute": [
        "دقیقه",
        "دَقه"
    ],
    "second": [
        "ثانیه"
    ],
    "relative-type": {
        "0 day ago": [
            "اَمروز"
        ],
        "0 hour ago": [
            "this hour"
        ],
        "0 minute ago": [
            "this minute"
        ],
        "0 month ago": [
            "این ماه"
        ],
        "0 second ago": [
            "now"
        ],
        "0 week ago": [
            "این هفته"
        ],
        "0 year ago": [
            "امسال"
        ],
        "1 day ago": [
            "دیروز"
        ],
        "1 month ago": [
            "ماه قبل"
        ],
        "1 week ago": [
            "قبلی هفته"
        ],
        "1 year ago": [
            "پارسال"
        ],
        "in 1 day": [
            "فِردا"
        ],
        "in 1 month": [
            "ماه ِبعد"
        ],
        "in 1 week": [
            "بعدی هفته"
        ],
        "in 1 year": [
            "سال دیگه"
        ]
    },
    "relative-type-regex": {
        "\\1 day ago": [
            "{0} روز پیش"
        ],
        "\\1 hour ago": [
            "{0} ساعت پیش",
            "{0} ساعِت پیش"
        ],
        "\\1 minute ago": [
            "{0} دَقه پیش"
        ],
        "\\1 month ago": [
            "{0} ماه پیش"
        ],
        "\\1 second ago": [
            "{0} ثانیه پیش"
        ],
        "\\1 week ago": [
            "{0} هفته پیش"
        ],
        "\\1 year ago": [
            "{0} سال پیش"
        ],
        "in \\1 day": [
            "{0} روز دله"
        ],
        "in \\1 hour": [
            "{0} ساعت دله",
            "{0} ساعِت دله"
        ],
        "in \\1 minute": [
            "{0} دقیقه دله",
            "{0} دَقه دله"
        ],
        "in \\1 month": [
            "{0} ماه دله"
        ],
        "in \\1 second": [
            "{0} ثانیه دله"
        ],
        "in \\1 week": [
            "{0} هفته دله"
        ],
        "in \\1 year": [
            "{0} سال دله"
        ]
    },
    "locale_specific": {}
}