{
    "name": "nb",
    "date_order": "DMY",
    "january": [
        "jan",
        "januar"
    ],
    "february": [
        "feb",
        "februar"
    ],
    "march": [
        "mar",
        "mars"
    ],
    "april": [
        "apr",
        "april"
    ],
    "may": [
        "mai"
    ],
    "june": [
        "jun",
        "juni"
    ],
    "july": [
        "jul",
        "juli"
    ],
    "august": [
        "aug",
        "august"
    ],
    "september": [
        "sep",
        "september"
    ],
    "october": [
        "okt",
        "oktober"
    ],
    "november": [
        "nov",
        "november"
    ],
    "december": [
        "des",
        "desember"
    ],
    "monday": [
        "man",
        "mandag"
    ],
    "tuesday": [
        "tir",
        "tirsdag"
    ],
    "wednesday": [
        "ons",
        "onsdag"
    ],
    "thursday": [
        "tor",
        "torsdag"
    ],
    "friday": [
        "fre",
        "fredag"
    ],
    "saturday": [
        "lør",
        "lørdag"
    ],
    "sunday": [
        "søn",
        "søndag"
    ],
    "am": [
        "am"
    ],
    "pm": [
        "pm"
    ],
    "year": [
        "år"
    ],
    "month": [
        "md",
        "mnd",
        "måned"
    ],
    "week": [
        "u",
        "uke"
    ],
    "day": [
        "d",
        "dag"
    ],
    "hour": [
        "t",
        "time"
    ],
    "minute": [
        "m",
        "min",
        "minutt"
    ],
    "second": [
        "s",
        "sek",
        "sekund"
    ],
    "relative-type": {
        "0 day ago": [
            "i dag"
        ],
        "0 hour ago": [
            "denne timen"
        ],
        "0 minute ago": [
            "dette minuttet"
        ],
        "0 month ago": [
            "denne md",
            "denne måneden"
        ],
        "0 second ago": [
            "nå"
        ],
        "0 week ago": [
            "denne uken"
        ],
        "0 year ago": [
            "i år"
        ],
        "1 day ago": [
            "i går"
        ],
        "1 month ago": [
            "forrige md",
            "forrige måned"
        ],
        "1 week ago": [
            "forrige uke"
        ],
        "1 year ago": [
            "i fjor"
        ],
        "in 1 day": [
            "i morgen"
        ],
        "in 1 month": [
            "neste md",
            "neste måned"
        ],
        "in 1 week": [
            "neste uke"
        ],
        "in 1 year": [
            "neste år"
        ]
    },
    "relative-type-regex": {
        "\\1 day ago": [
            "for {0} d siden",
            "for {0} døgn siden"
        ],
        "\\1 hour ago": [
            "for {0} t siden",
            "for {0} time siden",
            "for {0} timer siden"
        ],
        "\\1 minute ago": [
            "for {0} min siden",
            "for {0} minutt siden",
            "for {0} minutter siden"
        ],
        "\\1 month ago": [
            "for {0} md siden",
            "for {0} måned siden",
            "for {0} måneder siden"
        ],
        "\\1 second ago": [
            "for {0} sek siden",
            "for {0} sekund siden",
            "for {0} sekunder siden"
        ],
        "\\1 week ago": [
            "for {0} u siden",
            "for {0} uke siden",
            "for {0} uker siden"
        ],
        "\\1 year ago": [
            "for {0} år siden",
            "–{0} år"
        ],
        "in \\1 day": [
            "om {0} d",
            "om {0} døgn"
        ],
        "in \\1 hour": [
            "om {0} t",
            "om {0} time",
            "om {0} timer"
        ],
        "in \\1 minute": [
            "om {0} min",
            "om {0} minutt",
            "om {0} minutter"
        ],
        "in \\1 month": [
            "om {0} md",
            "om {0} måned",
            "om {0} måneder"
        ],
        "in \\1 second": [
            "om {0} sek",
            "om {0} sekund",
            "om {0} sekunder"
        ],
        "in \\1 week": [
            "om {0} u",
            "om {0} uke",
            "om {0} uker"
        ],
        "in \\1 year": [
            "om {0} år"
        ]
    },
    "locale_specific": {
        "nb-SJ": {
            "name": "nb-SJ"
        }
    }
}