{
    "name": "ne",
    "date_order": "YMD",
    "january": [
        "जनवरी"
    ],
    "february": [
        "फेब्रुअरी"
    ],
    "march": [
        "मार्च"
    ],
    "april": [
        "अप्रिल"
    ],
    "may": [
        "मई",
        "मे"
    ],
    "june": [
        "जुन"
    ],
    "july": [
        "जुलाई"
    ],
    "august": [
        "अगस्ट"
    ],
    "september": [
        "सेप्टेम्बर"
    ],
    "october": [
        "अक्टोबर"
    ],
    "november": [
        "नोभेम्बर"
    ],
    "december": [
        "डिसेम्बर"
    ],
    "monday": [
        "सोम",
        "सोमबार"
    ],
    "tuesday": [
        "मङ्गल",
        "मङ्गलबार"
    ],
    "wednesday": [
        "बुध",
        "बुधबार"
    ],
    "thursday": [
        "बिहि",
        "बिहिबार"
    ],
    "friday": [
        "शुक्र",
        "शुक्रबार"
    ],
    "saturday": [
        "शनि",
        "शनिबार"
    ],
    "sunday": [
        "आइत",
        "आइतबार"
    ],
    "am": [
        "पूर्वाह्न"
    ],
    "pm": [
        "अपराह्न"
    ],
    "year": [
        "बर्ष",
        "वर्ष"
    ],
    "month": [
        "महिना"
    ],
    "week": [
        "हप्ता"
    ],
    "day": [
        "बार"
    ],
    "hour": [
        "घण्टा"
    ],
    "minute": [
        "मिनेट"
    ],
    "second": [
        "सेकेन्ड"
    ],
    "relative-type": {
        "0 day ago": [
            "आज"
        ],
        "0 hour ago": [
            "यो घडीमा"
        ],
        "0 minute ago": [
            "यही मिनेटमा"
        ],
        "0 month ago": [
            "यो महिना"
        ],
        "0 second ago": [
            "अब"
        ],
        "0 week ago": [
            "यो हप्ता"
        ],
        "0 year ago": [
            "यो वर्ष"
        ],
        "1 day ago": [
            "हिजो"
        ],
        "1 month ago": [
            "गत महिना"
        ],
        "1 week ago": [
            "गत हप्ता"
        ],
        "1 year ago": [
            "गत वर्ष"
        ],
        "in 1 day": [
            "भोलि"
        ],
        "in 1 month": [
            "अर्को महिना"
        ],
        "in 1 week": [
            "आउने हप्ता"
        ],
        "in 1 year": [
            "अर्को वर्ष"
        ]
    },
    "relative-type-regex": {
        "\\1 day ago": [
            "{0} दिन पहिले"
        ],
        "\\1 hour ago": [
            "{0} घण्टा पहिले"
        ],
        "\\1 minute ago": [
            "{0} मिनेट पहिले"
        ],
        "\\1 month ago": [
            "{0} महिना पहिले"
        ],
        "\\1 second ago": [
            "{0} सेकेण्ड पहिले"
        ],
        "\\1 week ago": [
            "{0} हप्ता पहिले"
        ],
        "\\1 year ago": [
            "{0} वर्ष अघि"
        ],
        "in \\1 day": [
            "{0} दिनमा"
        ],
        "in \\1 hour": [
            "{0} घण्टामा"
        ],
        "in \\1 minute": [
            "{0} मिनेटमा"
        ],
        "in \\1 month": [
            "{0} महिनामा"
        ],
        "in \\1 second": [
            "{0} सेकेण्डमा"
        ],
        "in \\1 week": [
            "{0} हप्तामा"
        ],
        "in \\1 year": [
            "{0} वर्षमा"
        ]
    },
    "locale_specific": {
        "ne-IN": {
            "name": "ne-IN"
        }
    }
}