{
    "name": "nl",
    "date_order": "DMY",
    "january": [
        "jan",
        "januari"
    ],
    "february": [
        "feb",
        "februari"
    ],
    "march": [
        "maart",
        "mrt"
    ],
    "april": [
        "apr",
        "april"
    ],
    "may": [
        "mei"
    ],
    "june": [
        "jun",
        "juni"
    ],
    "july": [
        "jul",
        "juli"
    ],
    "august": [
        "aug",
        "augustus"
    ],
    "september": [
        "sep",
        "september"
    ],
    "october": [
        "okt",
        "oktober"
    ],
    "november": [
        "nov",
        "november"
    ],
    "december": [
        "dec",
        "december"
    ],
    "monday": [
        "ma",
        "maandag"
    ],
    "tuesday": [
        "di",
        "dinsdag"
    ],
    "wednesday": [
        "wo",
        "woensdag"
    ],
    "thursday": [
        "do",
        "donderdag"
    ],
    "friday": [
        "vr",
        "vrijdag"
    ],
    "saturday": [
        "za",
        "zaterdag"
    ],
    "sunday": [
        "zo",
        "zondag"
    ],
    "am": [
        "am"
    ],
    "pm": [
        "pm"
    ],
    "year": [
        "jaar",
        "jr"
    ],
    "month": [
        "maand",
        "mnd"
    ],
    "week": [
        "week",
        "wk"
    ],
    "day": [
        "dag"
    ],
    "hour": [
        "uur"
    ],
    "minute": [
        "min",
        "minuut"
    ],
    "second": [
        "s",
        "sec",
        "seconde"
    ],
    "relative-type": {
        "0 day ago": [
            "vandaag"
        ],
        "0 hour ago": [
            "binnen een uur"
        ],
        "0 minute ago": [
            "binnen een minuut"
        ],
        "0 month ago": [
            "deze maand"
        ],
        "0 second ago": [
            "nu"
        ],
        "0 week ago": [
            "deze week"
        ],
        "0 year ago": [
            "dit jaar"
        ],
        "1 day ago": [
            "gisteren"
        ],
        "1 month ago": [
            "vorige maand"
        ],
        "1 week ago": [
            "vorige week"
        ],
        "1 year ago": [
            "vorig jaar"
        ],
        "in 1 day": [
            "morgen"
        ],
        "in 1 month": [
            "volgende maand"
        ],
        "in 1 week": [
            "volgende week"
        ],
        "in 1 year": [
            "volgend jaar"
        ]
    },
    "relative-type-regex": {
        "\\1 day ago": [
            "{0} dag geleden",
            "{0} dagen geleden",
            "{0} dgn geleden"
        ],
        "\\1 hour ago": [
            "{0} uur geleden"
        ],
        "\\1 minute ago": [
            "{0} min geleden",
            "{0} minuten geleden",
            "{0} minuut geleden"
        ],
        "\\1 month ago": [
            "{0} maand geleden",
            "{0} maanden geleden"
        ],
        "\\1 second ago": [
            "{0} sec geleden",
            "{0} seconde geleden",
            "{0} seconden geleden"
        ],
        "\\1 week ago": [
            "{0} week geleden",
            "{0} weken geleden"
        ],
        "\\1 year ago": [
            "{0} jaar geleden"
        ],
        "in \\1 day": [
            "over {0} dag",
            "over {0} dagen",
            "over {0} dgn"
        ],
        "in \\1 hour": [
            "over {0} uur"
        ],
        "in \\1 minute": [
            "over {0} min",
            "over {0} minuten",
            "over {0} minuut"
        ],
        "in \\1 month": [
            "over {0} maand",
            "over {0} maanden"
        ],
        "in \\1 second": [
            "over {0} sec",
            "over {0} seconde",
            "over {0} seconden"
        ],
        "in \\1 week": [
            "over {0} week",
            "over {0} weken"
        ],
        "in \\1 year": [
            "over {0} jaar"
        ]
    },
    "locale_specific": {
        "nl-AW": {
            "name": "nl-AW"
        },
        "nl-BE": {
            "name": "nl-BE"
        },
        "nl-BQ": {
            "name": "nl-BQ"
        },
        "nl-CW": {
            "name": "nl-CW"
        },
        "nl-SR": {
            "name": "nl-SR"
        },
        "nl-SX": {
            "name": "nl-SX"
        }
    }
}