{
    "name": "nn",
    "date_order": "DMY",
    "january": [
        "jan",
        "januar"
    ],
    "february": [
        "feb",
        "februar"
    ],
    "march": [
        "mar",
        "mars"
    ],
    "april": [
        "apr",
        "april"
    ],
    "may": [
        "mai"
    ],
    "june": [
        "jun",
        "juni"
    ],
    "july": [
        "jul",
        "juli"
    ],
    "august": [
        "aug",
        "august"
    ],
    "september": [
        "sep",
        "september"
    ],
    "october": [
        "okt",
        "oktober"
    ],
    "november": [
        "nov",
        "november"
    ],
    "december": [
        "des",
        "desember"
    ],
    "monday": [
        "må",
        "mån",
        "måndag"
    ],
    "tuesday": [
        "ty",
        "tys",
        "tysdag"
    ],
    "wednesday": [
        "on",
        "ons",
        "onsdag"
    ],
    "thursday": [
        "to",
        "tor",
        "torsdag"
    ],
    "friday": [
        "fr",
        "fre",
        "fredag"
    ],
    "saturday": [
        "la",
        "lau",
        "laurdag"
    ],
    "sunday": [
        "sø",
        "søn",
        "søndag"
    ],
    "am": [
        "fm",
        "formiddag"
    ],
    "pm": [
        "em",
        "ettermiddag"
    ],
    "year": [
        "år"
    ],
    "month": [
        "månad"
    ],
    "week": [
        "veke"
    ],
    "day": [
        "dag"
    ],
    "hour": [
        "time"
    ],
    "minute": [
        "minutt"
    ],
    "second": [
        "sekund"
    ],
    "relative-type": {
        "0 day ago": [
            "i dag"
        ],
        "0 hour ago": [
            "this hour"
        ],
        "0 minute ago": [
            "this minute"
        ],
        "0 month ago": [
            "this month"
        ],
        "0 second ago": [
            "now"
        ],
        "0 week ago": [
            "this week"
        ],
        "0 year ago": [
            "this year"
        ],
        "1 day ago": [
            "i går"
        ],
        "1 month ago": [
            "last month"
        ],
        "1 week ago": [
            "last week"
        ],
        "1 year ago": [
            "last year"
        ],
        "in 1 day": [
            "i morgon"
        ],
        "in 1 month": [
            "next month"
        ],
        "in 1 week": [
            "next week"
        ],
        "in 1 year": [
            "next year"
        ]
    },
    "relative-type-regex": {
        "\\1 day ago": [
            "for {0} døgn siden"
        ],
        "\\1 hour ago": [
            "for {0} time siden",
            "for {0} timer siden"
        ],
        "\\1 minute ago": [
            "for {0} minutt siden",
            "for {0} minutter siden"
        ],
        "\\1 month ago": [
            "for {0} måned siden",
            "for {0} måneder siden"
        ],
        "\\1 second ago": [
            "for {0} sekund siden",
            "for {0} sekunder siden"
        ],
        "\\1 week ago": [
            "for {0} uke siden",
            "for {0} uker siden"
        ],
        "\\1 year ago": [
            "for {0} år siden"
        ],
        "in \\1 day": [
            "om {0} døgn"
        ],
        "in \\1 hour": [
            "om {0} time",
            "om {0} timer"
        ],
        "in \\1 minute": [
            "om {0} minutt",
            "om {0} minutter"
        ],
        "in \\1 month": [
            "om {0} måned",
            "om {0} måneder"
        ],
        "in \\1 second": [
            "om {0} sekund",
            "om {0} sekunder"
        ],
        "in \\1 week": [
            "om {0} uke",
            "om {0} uker"
        ],
        "in \\1 year": [
            "om {0} år"
        ]
    },
    "locale_specific": {}
}