{
    "name": "or",
    "date_order": "DMY",
    "january": [
        "ଜାନୁଆରୀ"
    ],
    "february": [
        "ଫେବୃଆରୀ"
    ],
    "march": [
        "ମାର୍ଚ୍ଚ"
    ],
    "april": [
        "ଅପ୍ରେଲ"
    ],
    "may": [
        "ମଇ"
    ],
    "june": [
        "ଜୁନ"
    ],
    "july": [
        "ଜୁଲାଇ"
    ],
    "august": [
        "ଅଗଷ୍ଟ"
    ],
    "september": [
        "ସେପ୍ଟେମ୍ବର"
    ],
    "october": [
        "ଅକ୍ଟୋବର"
    ],
    "november": [
        "ନଭେମ୍ବର"
    ],
    "december": [
        "ଡିସେମ୍ବର"
    ],
    "monday": [
        "ସୋମ",
        "ସୋମବାର"
    ],
    "tuesday": [
        "ମଙ୍ଗଳ",
        "ମଙ୍ଗଳବାର"
    ],
    "wednesday": [
        "ବୁଧ",
        "ବୁଧବାର"
    ],
    "thursday": [
        "ଗୁରୁ",
        "ଗୁରୁବାର"
    ],
    "friday": [
        "ଶୁକ୍ର",
        "ଶୁକ୍ରବାର"
    ],
    "saturday": [
        "ଶନି",
        "ଶନିବାର"
    ],
    "sunday": [
        "ରବି",
        "ରବିବାର"
    ],
    "am": [
        "am"
    ],
    "pm": [
        "pm"
    ],
    "year": [
        "year"
    ],
    "month": [
        "month"
    ],
    "week": [
        "week"
    ],
    "day": [
        "day"
    ],
    "hour": [
        "hour"
    ],
    "minute": [
        "minute"
    ],
    "second": [
        "second"
    ],
    "relative-type": {
        "0 day ago": [
            "today"
        ],
        "0 hour ago": [
            "this hour"
        ],
        "0 minute ago": [
            "this minute"
        ],
        "0 month ago": [
            "this month"
        ],
        "0 second ago": [
            "now"
        ],
        "0 week ago": [
            "this week"
        ],
        "0 year ago": [
            "this year"
        ],
        "1 day ago": [
            "yesterday"
        ],
        "1 month ago": [
            "last month"
        ],
        "1 week ago": [
            "last week"
        ],
        "1 year ago": [
            "last year"
        ],
        "in 1 day": [
            "tomorrow"
        ],
        "in 1 month": [
            "next month"
        ],
        "in 1 week": [
            "next week"
        ],
        "in 1 year": [
            "next year"
        ]
    },
    "locale_specific": {}
}