{
    "name": "pa",
    "date_order": "DMY",
    "january": [
        "ਜਨ",
        "ਜਨਵਰੀ"
    ],
    "february": [
        "ਫ਼ਰ",
        "ਫ਼ਰਵਰੀ"
    ],
    "march": [
        "ਮਾਰਚ"
    ],
    "april": [
        "ਅਪ੍ਰੈ",
        "ਅਪ੍ਰੈਲ"
    ],
    "may": [
        "ਮਈ"
    ],
    "june": [
        "ਜੂਨ"
    ],
    "july": [
        "ਜੁਲਾ",
        "ਜੁਲਾਈ"
    ],
    "august": [
        "ਅਗ",
        "ਅਗਸਤ"
    ],
    "september": [
        "ਸਤੰ",
        "ਸਤੰਬਰ"
    ],
    "october": [
        "ਅਕਤੂ",
        "ਅਕਤੂਬਰ"
    ],
    "november": [
        "ਨਵੰ",
        "ਨਵੰਬਰ"
    ],
    "december": [
        "ਦਸੰ",
        "ਦਸੰਬਰ"
    ],
    "monday": [
        "ਸੋਮ",
        "ਸੋਮਵਾਰ"
    ],
    "tuesday": [
        "ਮੰਗਲ",
        "ਮੰਗਲਵਾਰ"
    ],
    "wednesday": [
        "ਬੁੱਧ",
        "ਬੁੱਧਵਾਰ"
    ],
    "thursday": [
        "ਵੀਰ",
        "ਵੀਰਵਾਰ"
    ],
    "friday": [
        "ਸ਼ੁੱਕਰ",
        "ਸ਼ੁੱਕਰਵਾਰ"
    ],
    "saturday": [
        "ਸ਼ਨਿੱਚਰ",
        "ਸ਼ਨਿੱਚਰਵਾਰ"
    ],
    "sunday": [
        "ਐਤ",
        "ਐਤਵਾਰ"
    ],
    "am": [
        "ਪੂਦੁ"
    ],
    "pm": [
        "ਬਾਦੁ"
    ],
    "year": [
        "ਸਾਲ"
    ],
    "month": [
        "ਮਹੀਨਾ"
    ],
    "week": [
        "ਹਫ਼ਤਾ"
    ],
    "day": [
        "ਦਿਨ"
    ],
    "hour": [
        "ਘੰ",
        "ਘੰਟਾ"
    ],
    "minute": [
        "ਮਿੰਟ"
    ],
    "second": [
        "ਸਕਿੰਟ"
    ],
    "relative-type": {
        "0 day ago": [
            "ਅੱਜ"
        ],
        "0 hour ago": [
            "ਇਸ ਘੰਟੇ"
        ],
        "0 minute ago": [
            "ਇਸ ਮਿੰਟ"
        ],
        "0 month ago": [
            "ਇਹ ਮਹੀਨਾ"
        ],
        "0 second ago": [
            "ਹੁਣ"
        ],
        "0 week ago": [
            "ਇਹ ਹਫ਼ਤਾ"
        ],
        "0 year ago": [
            "ਇਹ ਸਾਲ"
        ],
        "1 day ago": [
            "ਬੀਤਿਆ ਕੱਲ੍ਹ"
        ],
        "1 month ago": [
            "ਪਿਛਲਾ ਮਹੀਨਾ"
        ],
        "1 week ago": [
            "ਪਿਛਲਾ ਹਫ਼ਤਾ"
        ],
        "1 year ago": [
            "ਪਿਛਲਾ ਸਾਲ"
        ],
        "in 1 day": [
            "ਭਲਕੇ"
        ],
        "in 1 month": [
            "ਅਗਲਾ ਮਹੀਨਾ"
        ],
        "in 1 week": [
            "ਅਗਲਾ ਹਫ਼ਤਾ"
        ],
        "in 1 year": [
            "ਅਗਲਾ ਸਾਲ"
        ]
    },
    "relative-type-regex": {
        "\\1 day ago": [
            "{0} ਦਿਨ ਪਹਿਲਾਂ"
        ],
        "\\1 hour ago": [
            "{0} ਘੰਟਾ ਪਹਿਲਾਂ",
            "{0} ਘੰਟੇ ਪਹਿਲਾਂ"
        ],
        "\\1 minute ago": [
            "{0} ਮਿੰਟ ਪਹਿਲਾਂ"
        ],
        "\\1 month ago": [
            "{0} ਮਹੀਨਾ ਪਹਿਲਾਂ",
            "{0} ਮਹੀਨੇ ਪਹਿਲਾਂ"
        ],
        "\\1 second ago": [
            "{0} ਸਕਿੰਟ ਪਹਿਲਾਂ"
        ],
        "\\1 week ago": [
            "{0} ਹਫ਼ਤਾ ਪਹਿਲਾਂ",
            "{0} ਹਫ਼ਤੇ ਪਹਿਲਾਂ"
        ],
        "\\1 year ago": [
            "{0} ਸਾਲ ਪਹਿਲਾਂ"
        ],
        "in \\1 day": [
            "{0} ਦਿਨ ਵਿੱਚ",
            "{0} ਦਿਨਾਂ ਵਿੱਚ"
        ],
        "in \\1 hour": [
            "{0} ਘੰਟਿਆਂ ਵਿੱਚ",
            "{0} ਘੰਟੇ ਵਿੱਚ"
        ],
        "in \\1 minute": [
            "{0} ਮਿੰਟ ਵਿੱਚ",
            "{0} ਮਿੰਟਾਂ ਵਿੱਚ"
        ],
        "in \\1 month": [
            "{0} ਮਹੀਨਿਆਂ ਵਿੱਚ",
            "{0} ਮਹੀਨੇ ਵਿੱਚ"
        ],
        "in \\1 second": [
            "{0} ਸਕਿੰਟ ਵਿੱਚ",
            "{0} ਸਕਿੰਟਾਂ ਵਿੱਚ"
        ],
        "in \\1 week": [
            "{0} ਹਫ਼ਤਿਆਂ ਵਿੱਚ",
            "{0} ਹਫ਼ਤੇ ਵਿੱਚ"
        ],
        "in \\1 year": [
            "{0} ਸਾਲ ਵਿੱਚ",
            "{0} ਸਾਲਾਂ ਵਿੱਚ"
        ]
    },
    "locale_specific": {}
}