{
    "name": "pl",
    "date_order": "DMY",
    "january": [
        "sty",
        "styczeń",
        "stycznia"
    ],
    "february": [
        "lut",
        "lutego",
        "luty"
    ],
    "march": [
        "mar",
        "marca",
        "marzec"
    ],
    "april": [
        "kwi",
        "kwiecień",
        "kwietnia"
    ],
    "may": [
        "maj",
        "maja"
    ],
    "june": [
        "cze",
        "czerwca",
        "czerwiec"
    ],
    "july": [
        "lip",
        "lipca",
        "lipiec"
    ],
    "august": [
        "sie",
        "sierpień",
        "sierpnia"
    ],
    "september": [
        "wrz",
        "wrzesień",
        "września"
    ],
    "october": [
        "paź",
        "październik",
        "października"
    ],
    "november": [
        "lis",
        "listopad",
        "listopada"
    ],
    "december": [
        "gru",
        "grudnia",
        "grudzień"
    ],
    "monday": [
        "pon",
        "poniedziałek"
    ],
    "tuesday": [
        "wt",
        "wtorek"
    ],
    "wednesday": [
        "śr",
        "środa"
    ],
    "thursday": [
        "czw",
        "czwartek"
    ],
    "friday": [
        "piątek",
        "pt"
    ],
    "saturday": [
        "sob",
        "sobota"
    ],
    "sunday": [
        "niedz",
        "niedziela"
    ],
    "am": [
        "am"
    ],
    "pm": [
        "pm"
    ],
    "year": [
        "r",
        "rok"
    ],
    "month": [
        "mc",
        "mies",
        "miesiąc"
    ],
    "week": [
        "tydz",
        "tydzień"
    ],
    "day": [
        "dzień"
    ],
    "hour": [
        "g",
        "godz",
        "godzina"
    ],
    "minute": [
        "min",
        "minuta"
    ],
    "second": [
        "s",
        "sek",
        "sekunda"
    ],
    "relative-type": {
        "0 day ago": [
            "dzisiaj"
        ],
        "0 hour ago": [
            "ta godzina"
        ],
        "0 minute ago": [
            "ta minuta"
        ],
        "0 month ago": [
            "w tym miesiącu"
        ],
        "0 second ago": [
            "teraz"
        ],
        "0 week ago": [
            "w tym tygodniu"
        ],
        "0 year ago": [
            "w tym roku"
        ],
        "1 day ago": [
            "wczoraj"
        ],
        "1 month ago": [
            "w zeszłym miesiącu"
        ],
        "1 week ago": [
            "w zeszłym tygodniu"
        ],
        "1 year ago": [
            "w zeszłym roku"
        ],
        "in 1 day": [
            "jutro"
        ],
        "in 1 month": [
            "w przyszłym miesiącu"
        ],
        "in 1 week": [
            "w przyszłym tygodniu"
        ],
        "in 1 year": [
            "w przyszłym roku"
        ]
    },
    "relative-type-regex": {
        "\\1 day ago": [
            "{0} dnia temu",
            "{0} dzień temu"
        ],
        "\\1 hour ago": [
            "{0} g temu",
            "{0} godz temu",
            "{0} godziny temu",
            "{0} godzinę temu"
        ],
        "\\1 minute ago": [
            "{0} min temu",
            "{0} minuty temu",
            "{0} minutę temu"
        ],
        "\\1 month ago": [
            "{0} mies temu",
            "{0} miesiąc temu",
            "{0} miesiąca temu",
            "–{0} mies"
        ],
        "\\1 second ago": [
            "{0} s temu",
            "{0} sek temu",
            "{0} sekundy temu",
            "{0} sekundę temu"
        ],
        "\\1 week ago": [
            "{0} tydz temu",
            "{0} tydzień temu",
            "{0} tyg temu",
            "{0} tygodnia temu"
        ],
        "\\1 year ago": [
            "{0} rok temu",
            "{0} roku temu"
        ],
        "in \\1 day": [
            "za {0} dnia",
            "za {0} dzień"
        ],
        "in \\1 hour": [
            "za {0} g",
            "za {0} godz",
            "za {0} godziny",
            "za {0} godzinę"
        ],
        "in \\1 minute": [
            "za {0} min",
            "za {0} minuty",
            "za {0} minutę"
        ],
        "in \\1 month": [
            "za {0} mies",
            "za {0} miesiąc",
            "za {0} miesiąca"
        ],
        "in \\1 second": [
            "za {0} s",
            "za {0} sek",
            "za {0} sekundy",
            "za {0} sekundę"
        ],
        "in \\1 week": [
            "za {0} tydz",
            "za {0} tydzień",
            "za {0} tyg",
            "za {0} tygodnia"
        ],
        "in \\1 year": [
            "za {0} rok",
            "za {0} roku"
        ]
    },
    "locale_specific": {}
}