{
    "name": "ps",
    "date_order": "YMD",
    "january": [
        "جنوري"
    ],
    "february": [
        "فبروري"
    ],
    "march": [
        "مارچ"
    ],
    "april": [
        "اپریل"
    ],
    "may": [
        "مۍ"
    ],
    "june": [
        "جون"
    ],
    "july": [
        "جولای"
    ],
    "august": [
        "اګست"
    ],
    "september": [
        "سپتمبر"
    ],
    "october": [
        "اکتوبر"
    ],
    "november": [
        "نومبر"
    ],
    "december": [
        "دسمبر"
    ],
    "monday": [
        "دوشنبه"
    ],
    "tuesday": [
        "سه‌شنبه"
    ],
    "wednesday": [
        "چهارشنبه"
    ],
    "thursday": [
        "پنجشنبه"
    ],
    "friday": [
        "جمعه"
    ],
    "saturday": [
        "شنبه"
    ],
    "sunday": [
        "یکشنبه"
    ],
    "am": [
        "غم"
    ],
    "pm": [
        "غو"
    ],
    "year": [
        "year"
    ],
    "month": [
        "month"
    ],
    "week": [
        "week"
    ],
    "day": [
        "day"
    ],
    "hour": [
        "hour"
    ],
    "minute": [
        "minute"
    ],
    "second": [
        "second"
    ],
    "relative-type": {
        "0 day ago": [
            "today"
        ],
        "0 hour ago": [
            "this hour"
        ],
        "0 minute ago": [
            "this minute"
        ],
        "0 month ago": [
            "this month"
        ],
        "0 second ago": [
            "now"
        ],
        "0 week ago": [
            "this week"
        ],
        "0 year ago": [
            "this year"
        ],
        "1 day ago": [
            "yesterday"
        ],
        "1 month ago": [
            "last month"
        ],
        "1 week ago": [
            "last week"
        ],
        "1 year ago": [
            "last year"
        ],
        "in 1 day": [
            "tomorrow"
        ],
        "in 1 month": [
            "next month"
        ],
        "in 1 week": [
            "next week"
        ],
        "in 1 year": [
            "next year"
        ]
    },
    "locale_specific": {}
}