{
    "name": "pt",
    "date_order": "DMY",
    "january": [
        "jan",
        "janeiro"
    ],
    "february": [
        "fev",
        "fevereiro"
    ],
    "march": [
        "mar",
        "março"
    ],
    "april": [
        "abr",
        "abril"
    ],
    "may": [
        "mai",
        "maio"
    ],
    "june": [
        "jun",
        "junho"
    ],
    "july": [
        "jul",
        "julho"
    ],
    "august": [
        "ago",
        "agosto"
    ],
    "september": [
        "set",
        "setembro"
    ],
    "october": [
        "out",
        "outubro"
    ],
    "november": [
        "nov",
        "novembro"
    ],
    "december": [
        "dez",
        "dezembro"
    ],
    "monday": [
        "seg",
        "segunda-feira"
    ],
    "tuesday": [
        "ter",
        "terça-feira"
    ],
    "wednesday": [
        "qua",
        "quarta-feira"
    ],
    "thursday": [
        "qui",
        "quinta-feira"
    ],
    "friday": [
        "sex",
        "sexta-feira"
    ],
    "saturday": [
        "sáb",
        "sábado"
    ],
    "sunday": [
        "dom",
        "domingo"
    ],
    "am": [
        "am"
    ],
    "pm": [
        "pm"
    ],
    "year": [
        "ano"
    ],
    "month": [
        "mês"
    ],
    "week": [
        "sem",
        "semana"
    ],
    "day": [
        "dia"
    ],
    "hour": [
        "h",
        "hora"
    ],
    "minute": [
        "m",
        "min",
        "minuto"
    ],
    "second": [
        "s",
        "seg",
        "segundo"
    ],
    "relative-type": {
        "0 day ago": [
            "hoje"
        ],
        "0 hour ago": [
            "esta hora"
        ],
        "0 minute ago": [
            "este minuto"
        ],
        "0 month ago": [
            "este mês"
        ],
        "0 second ago": [
            "agora"
        ],
        "0 week ago": [
            "esta semana"
        ],
        "0 year ago": [
            "este ano"
        ],
        "1 day ago": [
            "ontem"
        ],
        "1 month ago": [
            "mês passado"
        ],
        "1 week ago": [
            "semana passada"
        ],
        "1 year ago": [
            "ano passado"
        ],
        "in 1 day": [
            "amanhã"
        ],
        "in 1 month": [
            "próximo mês"
        ],
        "in 1 week": [
            "próxima semana"
        ],
        "in 1 year": [
            "próximo ano"
        ]
    },
    "relative-type-regex": {
        "\\1 day ago": [
            "há {0} dia",
            "há {0} dias"
        ],
        "\\1 hour ago": [
            "há {0} h",
            "há {0} hora",
            "há {0} horas"
        ],
        "\\1 minute ago": [
            "há {0} min",
            "há {0} mins",
            "há {0} minuto",
            "há {0} minutos"
        ],
        "\\1 month ago": [
            "há {0} meses",
            "há {0} mês"
        ],
        "\\1 second ago": [
            "há {0} seg",
            "há {0} segundo",
            "há {0} segundos"
        ],
        "\\1 week ago": [
            "há {0} sem",
            "há {0} semana",
            "há {0} semanas"
        ],
        "\\1 year ago": [
            "há {0} ano",
            "há {0} anos"
        ],
        "in \\1 day": [
            "em {0} dia",
            "em {0} dias"
        ],
        "in \\1 hour": [
            "em {0} h",
            "em {0} hora",
            "em {0} horas"
        ],
        "in \\1 minute": [
            "em {0} min",
            "em {0} mins",
            "em {0} minuto",
            "em {0} minutos"
        ],
        "in \\1 month": [
            "em {0} meses",
            "em {0} mês"
        ],
        "in \\1 second": [
            "em {0} seg",
            "em {0} segs",
            "em {0} segundo",
            "em {0} segundos"
        ],
        "in \\1 week": [
            "em {0} sem",
            "em {0} semana",
            "em {0} semanas"
        ],
        "in \\1 year": [
            "em {0} ano",
            "em {0} anos"
        ]
    },
    "locale_specific": {
        "pt-AO": {
            "name": "pt-AO",
            "monday": [
                "segunda"
            ],
            "tuesday": [
                "terça"
            ],
            "wednesday": [
                "quarta"
            ],
            "thursday": [
                "quinta"
            ],
            "friday": [
                "sexta"
            ],
            "am": [
                "da manhã",
                "manhã"
            ],
            "pm": [
                "da tarde",
                "tarde"
            ],
            "relative-type-regex": {
                "\\1 second ago": [
                    "há {0} s"
                ],
                "in \\1 day": [
                    "dentro de {0} dia",
                    "dentro de {0} dias"
                ],
                "in \\1 hour": [
                    "dentro de {0} h",
                    "dentro de {0} hora",
                    "dentro de {0} horas"
                ],
                "in \\1 minute": [
                    "dentro de {0} min",
                    "dentro de {0} minuto",
                    "dentro de {0} minutos"
                ],
                "in \\1 month": [
                    "dentro de {0} meses",
                    "dentro de {0} mês"
                ],
                "in \\1 second": [
                    "dentro de {0} s",
                    "dentro de {0} segundo",
                    "dentro de {0} segundos"
                ],
                "in \\1 week": [
                    "dentro de {0} sem",
                    "dentro de {0} semana",
                    "dentro de {0} semanas"
                ],
                "in \\1 year": [
                    "dentro de {0} ano",
                    "dentro de {0} anos"
                ]
            }
        },
        "pt-CH": {
            "name": "pt-CH",
            "monday": [
                "segunda"
            ],
            "tuesday": [
                "terça"
            ],
            "wednesday": [
                "quarta"
            ],
            "thursday": [
                "quinta"
            ],
            "friday": [
                "sexta"
            ],
            "am": [
                "da manhã",
                "manhã"
            ],
            "pm": [
                "da tarde",
                "tarde"
            ],
            "relative-type-regex": {
                "\\1 second ago": [
                    "há {0} s"
                ],
                "in \\1 day": [
                    "dentro de {0} dia",
                    "dentro de {0} dias"
                ],
                "in \\1 hour": [
                    "dentro de {0} h",
                    "dentro de {0} hora",
                    "dentro de {0} horas"
                ],
                "in \\1 minute": [
                    "dentro de {0} min",
                    "dentro de {0} minuto",
                    "dentro de {0} minutos"
                ],
                "in \\1 month": [
                    "dentro de {0} meses",
                    "dentro de {0} mês"
                ],
                "in \\1 second": [
                    "dentro de {0} s",
                    "dentro de {0} segundo",
                    "dentro de {0} segundos"
                ],
                "in \\1 week": [
                    "dentro de {0} sem",
                    "dentro de {0} semana",
                    "dentro de {0} semanas"
                ],
                "in \\1 year": [
                    "dentro de {0} ano",
                    "dentro de {0} anos"
                ]
            }
        },
        "pt-CV": {
            "name": "pt-CV",
            "monday": [
                "segunda"
            ],
            "tuesday": [
                "terça"
            ],
            "wednesday": [
                "quarta"
            ],
            "thursday": [
                "quinta"
            ],
            "friday": [
                "sexta"
            ],
            "am": [
                "da manhã",
                "manhã"
            ],
            "pm": [
                "da tarde",
                "tarde"
            ],
            "relative-type-regex": {
                "\\1 second ago": [
                    "há {0} s"
                ],
                "in \\1 day": [
                    "dentro de {0} dia",
                    "dentro de {0} dias"
                ],
                "in \\1 hour": [
                    "dentro de {0} h",
                    "dentro de {0} hora",
                    "dentro de {0} horas"
                ],
                "in \\1 minute": [
                    "dentro de {0} min",
                    "dentro de {0} minuto",
                    "dentro de {0} minutos"
                ],
                "in \\1 month": [
                    "dentro de {0} meses",
                    "dentro de {0} mês"
                ],
                "in \\1 second": [
                    "dentro de {0} s",
                    "dentro de {0} segundo",
                    "dentro de {0} segundos"
                ],
                "in \\1 week": [
                    "dentro de {0} sem",
                    "dentro de {0} semana",
                    "dentro de {0} semanas"
                ],
                "in \\1 year": [
                    "dentro de {0} ano",
                    "dentro de {0} anos"
                ]
            }
        },
        "pt-GQ": {
            "name": "pt-GQ",
            "monday": [
                "segunda"
            ],
            "tuesday": [
                "terça"
            ],
            "wednesday": [
                "quarta"
            ],
            "thursday": [
                "quinta"
            ],
            "friday": [
                "sexta"
            ],
            "am": [
                "da manhã",
                "manhã"
            ],
            "pm": [
                "da tarde",
                "tarde"
            ],
            "relative-type-regex": {
                "\\1 second ago": [
                    "há {0} s"
                ],
                "in \\1 day": [
                    "dentro de {0} dia",
                    "dentro de {0} dias"
                ],
                "in \\1 hour": [
                    "dentro de {0} h",
                    "dentro de {0} hora",
                    "dentro de {0} horas"
                ],
                "in \\1 minute": [
                    "dentro de {0} min",
                    "dentro de {0} minuto",
                    "dentro de {0} minutos"
                ],
                "in \\1 month": [
                    "dentro de {0} meses",
                    "dentro de {0} mês"
                ],
                "in \\1 second": [
                    "dentro de {0} s",
                    "dentro de {0} segundo",
                    "dentro de {0} segundos"
                ],
                "in \\1 week": [
                    "dentro de {0} sem",
                    "dentro de {0} semana",
                    "dentro de {0} semanas"
                ],
                "in \\1 year": [
                    "dentro de {0} ano",
                    "dentro de {0} anos"
                ]
            }
        },
        "pt-GW": {
            "name": "pt-GW",
            "monday": [
                "segunda"
            ],
            "tuesday": [
                "terça"
            ],
            "wednesday": [
                "quarta"
            ],
            "thursday": [
                "quinta"
            ],
            "friday": [
                "sexta"
            ],
            "am": [
                "da manhã",
                "manhã"
            ],
            "pm": [
                "da tarde",
                "tarde"
            ],
            "relative-type-regex": {
                "\\1 second ago": [
                    "há {0} s"
                ],
                "in \\1 day": [
                    "dentro de {0} dia",
                    "dentro de {0} dias"
                ],
                "in \\1 hour": [
                    "dentro de {0} h",
                    "dentro de {0} hora",
                    "dentro de {0} horas"
                ],
                "in \\1 minute": [
                    "dentro de {0} min",
                    "dentro de {0} minuto",
                    "dentro de {0} minutos"
                ],
                "in \\1 month": [
                    "dentro de {0} meses",
                    "dentro de {0} mês"
                ],
                "in \\1 second": [
                    "dentro de {0} s",
                    "dentro de {0} segundo",
                    "dentro de {0} segundos"
                ],
                "in \\1 week": [
                    "dentro de {0} sem",
                    "dentro de {0} semana",
                    "dentro de {0} semanas"
                ],
                "in \\1 year": [
                    "dentro de {0} ano",
                    "dentro de {0} anos"
                ]
            }
        },
        "pt-LU": {
            "name": "pt-LU",
            "monday": [
                "segunda"
            ],
            "tuesday": [
                "terça"
            ],
            "wednesday": [
                "quarta"
            ],
            "thursday": [
                "quinta"
            ],
            "friday": [
                "sexta"
            ],
            "am": [
                "da manhã",
                "manhã"
            ],
            "pm": [
                "da tarde",
                "tarde"
            ],
            "relative-type-regex": {
                "\\1 second ago": [
                    "há {0} s"
                ],
                "in \\1 day": [
                    "dentro de {0} dia",
                    "dentro de {0} dias"
                ],
                "in \\1 hour": [
                    "dentro de {0} h",
                    "dentro de {0} hora",
                    "dentro de {0} horas"
                ],
                "in \\1 minute": [
                    "dentro de {0} min",
                    "dentro de {0} minuto",
                    "dentro de {0} minutos"
                ],
                "in \\1 month": [
                    "dentro de {0} meses",
                    "dentro de {0} mês"
                ],
                "in \\1 second": [
                    "dentro de {0} s",
                    "dentro de {0} segundo",
                    "dentro de {0} segundos"
                ],
                "in \\1 week": [
                    "dentro de {0} sem",
                    "dentro de {0} semana",
                    "dentro de {0} semanas"
                ],
                "in \\1 year": [
                    "dentro de {0} ano",
                    "dentro de {0} anos"
                ]
            }
        },
        "pt-MO": {
            "name": "pt-MO",
            "monday": [
                "segunda"
            ],
            "tuesday": [
                "terça"
            ],
            "wednesday": [
                "quarta"
            ],
            "thursday": [
                "quinta"
            ],
            "friday": [
                "sexta"
            ],
            "am": [
                "da manhã",
                "manhã"
            ],
            "pm": [
                "da tarde",
                "tarde"
            ],
            "relative-type-regex": {
                "\\1 second ago": [
                    "há {0} s"
                ],
                "in \\1 day": [
                    "dentro de {0} dia",
                    "dentro de {0} dias"
                ],
                "in \\1 hour": [
                    "dentro de {0} h",
                    "dentro de {0} hora",
                    "dentro de {0} horas"
                ],
                "in \\1 minute": [
                    "dentro de {0} min",
                    "dentro de {0} minuto",
                    "dentro de {0} minutos"
                ],
                "in \\1 month": [
                    "dentro de {0} meses",
                    "dentro de {0} mês"
                ],
                "in \\1 second": [
                    "dentro de {0} s",
                    "dentro de {0} segundo",
                    "dentro de {0} segundos"
                ],
                "in \\1 week": [
                    "dentro de {0} sem",
                    "dentro de {0} semana",
                    "dentro de {0} semanas"
                ],
                "in \\1 year": [
                    "dentro de {0} ano",
                    "dentro de {0} anos"
                ]
            }
        },
        "pt-MZ": {
            "name": "pt-MZ",
            "monday": [
                "segunda"
            ],
            "tuesday": [
                "terça"
            ],
            "wednesday": [
                "quarta"
            ],
            "thursday": [
                "quinta"
            ],
            "friday": [
                "sexta"
            ],
            "am": [
                "da manhã",
                "manhã"
            ],
            "pm": [
                "da tarde",
                "tarde"
            ],
            "relative-type-regex": {
                "\\1 second ago": [
                    "há {0} s"
                ],
                "in \\1 day": [
                    "dentro de {0} dia",
                    "dentro de {0} dias"
                ],
                "in \\1 hour": [
                    "dentro de {0} h",
                    "dentro de {0} hora",
                    "dentro de {0} horas"
                ],
                "in \\1 minute": [
                    "dentro de {0} min",
                    "dentro de {0} minuto",
                    "dentro de {0} minutos"
                ],
                "in \\1 month": [
                    "dentro de {0} meses",
                    "dentro de {0} mês"
                ],
                "in \\1 second": [
                    "dentro de {0} s",
                    "dentro de {0} segundo",
                    "dentro de {0} segundos"
                ],
                "in \\1 week": [
                    "dentro de {0} sem",
                    "dentro de {0} semana",
                    "dentro de {0} semanas"
                ],
                "in \\1 year": [
                    "dentro de {0} ano",
                    "dentro de {0} anos"
                ]
            }
        },
        "pt-PT": {
            "name": "pt-PT",
            "monday": [
                "segunda"
            ],
            "tuesday": [
                "terça"
            ],
            "wednesday": [
                "quarta"
            ],
            "thursday": [
                "quinta"
            ],
            "friday": [
                "sexta"
            ],
            "am": [
                "da manhã",
                "manhã"
            ],
            "pm": [
                "da tarde",
                "tarde"
            ],
            "relative-type-regex": {
                "\\1 second ago": [
                    "há {0} s"
                ],
                "in \\1 day": [
                    "dentro de {0} dia",
                    "dentro de {0} dias"
                ],
                "in \\1 hour": [
                    "dentro de {0} h",
                    "dentro de {0} hora",
                    "dentro de {0} horas"
                ],
                "in \\1 minute": [
                    "dentro de {0} min",
                    "dentro de {0} minuto",
                    "dentro de {0} minutos"
                ],
                "in \\1 month": [
                    "dentro de {0} meses",
                    "dentro de {0} mês"
                ],
                "in \\1 second": [
                    "dentro de {0} s",
                    "dentro de {0} segundo",
                    "dentro de {0} segundos"
                ],
                "in \\1 week": [
                    "dentro de {0} sem",
                    "dentro de {0} semana",
                    "dentro de {0} semanas"
                ],
                "in \\1 year": [
                    "dentro de {0} ano",
                    "dentro de {0} anos"
                ]
            }
        },
        "pt-ST": {
            "name": "pt-ST",
            "monday": [
                "segunda"
            ],
            "tuesday": [
                "terça"
            ],
            "wednesday": [
                "quarta"
            ],
            "thursday": [
                "quinta"
            ],
            "friday": [
                "sexta"
            ],
            "am": [
                "da manhã",
                "manhã"
            ],
            "pm": [
                "da tarde",
                "tarde"
            ],
            "relative-type-regex": {
                "\\1 second ago": [
                    "há {0} s"
                ],
                "in \\1 day": [
                    "dentro de {0} dia",
                    "dentro de {0} dias"
                ],
                "in \\1 hour": [
                    "dentro de {0} h",
                    "dentro de {0} hora",
                    "dentro de {0} horas"
                ],
                "in \\1 minute": [
                    "dentro de {0} min",
                    "dentro de {0} minuto",
                    "dentro de {0} minutos"
                ],
                "in \\1 month": [
                    "dentro de {0} meses",
                    "dentro de {0} mês"
                ],
                "in \\1 second": [
                    "dentro de {0} s",
                    "dentro de {0} segundo",
                    "dentro de {0} segundos"
                ],
                "in \\1 week": [
                    "dentro de {0} sem",
                    "dentro de {0} semana",
                    "dentro de {0} semanas"
                ],
                "in \\1 year": [
                    "dentro de {0} ano",
                    "dentro de {0} anos"
                ]
            }
        },
        "pt-TL": {
            "name": "pt-TL",
            "monday": [
                "segunda"
            ],
            "tuesday": [
                "terça"
            ],
            "wednesday": [
                "quarta"
            ],
            "thursday": [
                "quinta"
            ],
            "friday": [
                "sexta"
            ],
            "am": [
                "da manhã",
                "manhã"
            ],
            "pm": [
                "da tarde",
                "tarde"
            ],
            "relative-type-regex": {
                "\\1 second ago": [
                    "há {0} s"
                ],
                "in \\1 day": [
                    "dentro de {0} dia",
                    "dentro de {0} dias"
                ],
                "in \\1 hour": [
                    "dentro de {0} h",
                    "dentro de {0} hora",
                    "dentro de {0} horas"
                ],
                "in \\1 minute": [
                    "dentro de {0} min",
                    "dentro de {0} minuto",
                    "dentro de {0} minutos"
                ],
                "in \\1 month": [
                    "dentro de {0} meses",
                    "dentro de {0} mês"
                ],
                "in \\1 second": [
                    "dentro de {0} s",
                    "dentro de {0} segundo",
                    "dentro de {0} segundos"
                ],
                "in \\1 week": [
                    "dentro de {0} sem",
                    "dentro de {0} semana",
                    "dentro de {0} semanas"
                ],
                "in \\1 year": [
                    "dentro de {0} ano",
                    "dentro de {0} anos"
                ]
            }
        }
    }
}