{
    "name": "ro",
    "date_order": "DMY",
    "january": [
        "ian",
        "ianuarie"
    ],
    "february": [
        "feb",
        "februarie"
    ],
    "march": [
        "mar",
        "martie"
    ],
    "april": [
        "apr",
        "aprilie"
    ],
    "may": [
        "mai"
    ],
    "june": [
        "iun",
        "iunie"
    ],
    "july": [
        "iul",
        "iulie"
    ],
    "august": [
        "aug",
        "august"
    ],
    "september": [
        "sept",
        "septembrie"
    ],
    "october": [
        "oct",
        "octombrie"
    ],
    "november": [
        "noiembrie",
        "nov"
    ],
    "december": [
        "dec",
        "decembrie"
    ],
    "monday": [
        "lun",
        "luni"
    ],
    "tuesday": [
        "mar",
        "marți"
    ],
    "wednesday": [
        "mie",
        "miercuri"
    ],
    "thursday": [
        "joi"
    ],
    "friday": [
        "vin",
        "vineri"
    ],
    "saturday": [
        "sâm",
        "sâmbătă"
    ],
    "sunday": [
        "dum",
        "duminică"
    ],
    "am": [
        "am"
    ],
    "pm": [
        "pm"
    ],
    "year": [
        "an"
    ],
    "month": [
        "lună"
    ],
    "week": [
        "săpt",
        "săptămână"
    ],
    "day": [
        "zi"
    ],
    "hour": [
        "h",
        "oră"
    ],
    "minute": [
        "m",
        "min",
        "minut"
    ],
    "second": [
        "s",
        "sec",
        "secundă"
    ],
    "relative-type": {
        "0 day ago": [
            "azi"
        ],
        "0 hour ago": [
            "ora aceasta"
        ],
        "0 minute ago": [
            "minutul acesta"
        ],
        "0 month ago": [
            "luna aceasta"
        ],
        "0 second ago": [
            "acum"
        ],
        "0 week ago": [
            "săptămâna aceasta"
        ],
        "0 year ago": [
            "anul acesta"
        ],
        "1 day ago": [
            "ieri"
        ],
        "1 month ago": [
            "luna trecută"
        ],
        "1 week ago": [
            "săptămâna trecută"
        ],
        "1 year ago": [
            "anul trecut"
        ],
        "in 1 day": [
            "mâine"
        ],
        "in 1 month": [
            "luna viitoare"
        ],
        "in 1 week": [
            "săptămâna viitoare"
        ],
        "in 1 year": [
            "anul viitor"
        ]
    },
    "relative-type-regex": {
        "\\1 day ago": [
            "acum {0} de zile",
            "acum {0} zi",
            "acum {0} zile"
        ],
        "\\1 hour ago": [
            "acum {0} de ore",
            "acum {0} h",
            "acum {0} oră"
        ],
        "\\1 minute ago": [
            "acum {0} de minute",
            "acum {0} min",
            "acum {0} minut"
        ],
        "\\1 month ago": [
            "acum {0} de luni",
            "acum {0} luni",
            "acum {0} lună"
        ],
        "\\1 second ago": [
            "acum {0} de secunde",
            "acum {0} sec",
            "acum {0} secundă"
        ],
        "\\1 week ago": [
            "acum {0} de săptămâni",
            "acum {0} săpt",
            "acum {0} săptămână"
        ],
        "\\1 year ago": [
            "acum {0} an",
            "acum {0} de ani"
        ],
        "in \\1 day": [
            "peste {0} de zile",
            "peste {0} zi",
            "peste {0} zile"
        ],
        "in \\1 hour": [
            "peste {0} de ore",
            "peste {0} h",
            "peste {0} oră"
        ],
        "in \\1 minute": [
            "peste {0} de minute",
            "peste {0} min",
            "peste {0} minut"
        ],
        "in \\1 month": [
            "peste {0} de luni",
            "peste {0} luni",
            "peste {0} lună"
        ],
        "in \\1 second": [
            "peste {0} de secunde",
            "peste {0} sec",
            "peste {0} secundă"
        ],
        "in \\1 week": [
            "peste {0} de săptămâni",
            "peste {0} săpt",
            "peste {0} săptămână"
        ],
        "in \\1 year": [
            "peste {0} an",
            "peste {0} ani",
            "peste {0} de ani"
        ]
    },
    "locale_specific": {
        "ro-MD": {
            "name": "ro-MD"
        }
    }
}