{
    "name": "ru",
    "date_order": "DMY",
    "january": [
        "янв",
        "январь",
        "января"
    ],
    "february": [
        "февр",
        "февраль",
        "февраля"
    ],
    "march": [
        "мар",
        "март",
        "марта"
    ],
    "april": [
        "апр",
        "апрель",
        "апреля"
    ],
    "may": [
        "май",
        "мая"
    ],
    "june": [
        "июн",
        "июнь",
        "июня"
    ],
    "july": [
        "июл",
        "июль",
        "июля"
    ],
    "august": [
        "авг",
        "август",
        "августа"
    ],
    "september": [
        "сент",
        "сентябрь",
        "сентября"
    ],
    "october": [
        "окт",
        "октябрь",
        "октября"
    ],
    "november": [
        "нояб",
        "ноябрь",
        "ноября"
    ],
    "december": [
        "дек",
        "декабрь",
        "декабря"
    ],
    "monday": [
        "пн",
        "понедельник"
    ],
    "tuesday": [
        "вт",
        "вторник"
    ],
    "wednesday": [
        "ср",
        "среда"
    ],
    "thursday": [
        "четверг",
        "чт"
    ],
    "friday": [
        "пт",
        "пятница"
    ],
    "saturday": [
        "сб",
        "суббота"
    ],
    "sunday": [
        "воскресенье",
        "вс"
    ],
    "am": [
        "дп"
    ],
    "pm": [
        "пп"
    ],
    "year": [
        "г",
        "год"
    ],
    "month": [
        "мес",
        "месяц"
    ],
    "week": [
        "нед",
        "неделя"
    ],
    "day": [
        "день",
        "дн"
    ],
    "hour": [
        "ч",
        "час"
    ],
    "minute": [
        "мин",
        "минута"
    ],
    "second": [
        "с",
        "сек",
        "секунда"
    ],
    "relative-type": {
        "0 day ago": [
            "сегодня"
        ],
        "0 hour ago": [
            "в этом часе"
        ],
        "0 minute ago": [
            "в эту минуту"
        ],
        "0 month ago": [
            "в этом месяце"
        ],
        "0 second ago": [
            "сейчас"
        ],
        "0 week ago": [
            "на этой неделе"
        ],
        "0 year ago": [
            "в этом году"
        ],
        "1 day ago": [
            "вчера"
        ],
        "1 month ago": [
            "в прошлом месяце"
        ],
        "1 week ago": [
            "на прошлой неделе"
        ],
        "1 year ago": [
            "в прошлом году"
        ],
        "in 1 day": [
            "завтра"
        ],
        "in 1 month": [
            "в следующем месяце"
        ],
        "in 1 week": [
            "на следующей неделе"
        ],
        "in 1 year": [
            "в следующем году"
        ]
    },
    "relative-type-regex": {
        "\\1 day ago": [
            "{0} д назад",
            "{0} день назад",
            "{0} дн назад",
            "{0} дня назад"
        ],
        "\\1 hour ago": [
            "{0} ч назад",
            "{0} час назад",
            "{0} часа назад"
        ],
        "\\1 minute ago": [
            "{0} мин назад",
            "{0} минуту назад",
            "{0} минуты назад"
        ],
        "\\1 month ago": [
            "{0} мес назад",
            "{0} месяц назад",
            "{0} месяца назад"
        ],
        "\\1 second ago": [
            "{0} сек назад",
            "{0} секунду назад",
            "{0} секунды назад"
        ],
        "\\1 week ago": [
            "{0} нед назад",
            "{0} недели назад",
            "{0} неделю назад"
        ],
        "\\1 year ago": [
            "{0} г назад",
            "{0} год назад",
            "{0} года назад"
        ],
        "in \\1 day": [
            "через {0} д",
            "через {0} день",
            "через {0} дн",
            "через {0} дня"
        ],
        "in \\1 hour": [
            "через {0} ч",
            "через {0} час",
            "через {0} часа"
        ],
        "in \\1 minute": [
            "через {0} мин",
            "через {0} минуту",
            "через {0} минуты"
        ],
        "in \\1 month": [
            "через {0} мес",
            "через {0} месяц",
            "через {0} месяца"
        ],
        "in \\1 second": [
            "через {0} сек",
            "через {0} секунду",
            "через {0} секунды"
        ],
        "in \\1 week": [
            "через {0} нед",
            "через {0} недели",
            "через {0} неделю"
        ],
        "in \\1 year": [
            "через {0} г",
            "через {0} год",
            "через {0} года"
        ]
    },
    "locale_specific": {
        "ru-BY": {
            "name": "ru-BY"
        },
        "ru-KG": {
            "name": "ru-KG"
        },
        "ru-KZ": {
            "name": "ru-KZ"
        },
        "ru-MD": {
            "name": "ru-MD"
        },
        "ru-UA": {
            "name": "ru-UA",
            "am": [
                "am"
            ],
            "pm": [
                "pm"
            ]
        }
    }
}