{
    "name": "sah",
    "date_order": "YMD",
    "january": [
        "тохс",
        "тохсунньу"
    ],
    "february": [
        "олун",
        "олунньу"
    ],
    "march": [
        "клн",
        "кулун тутар"
    ],
    "april": [
        "мсу",
        "муус устар"
    ],
    "may": [
        "ыам",
        "ыам ыйа",
        "ыам ыйын"
    ],
    "june": [
        "бэс",
        "бэс ыйа",
        "бэс ыйын"
    ],
    "july": [
        "от ыйа",
        "от ыйын",
        "отй"
    ],
    "august": [
        "атр",
        "атырдьых ыйа",
        "атырдьых ыйын"
    ],
    "september": [
        "балаҕан ыйа",
        "балаҕан ыйын",
        "блҕ"
    ],
    "october": [
        "алт",
        "алтынньы"
    ],
    "november": [
        "сэт",
        "сэтинньи"
    ],
    "december": [
        "ахс",
        "ахсынньы"
    ],
    "monday": [
        "бн",
        "бэнидиэнньик"
    ],
    "tuesday": [
        "оп",
        "оптуорунньук"
    ],
    "wednesday": [
        "сэ",
        "сэрэдэ"
    ],
    "thursday": [
        "чп",
        "чэппиэр"
    ],
    "friday": [
        "бэ",
        "бээтиҥсэ"
    ],
    "saturday": [
        "сб",
        "субуота"
    ],
    "sunday": [
        "баскыһыанньа",
        "бс"
    ],
    "am": [
        "эи"
    ],
    "pm": [
        "эк"
    ],
    "year": [
        "сыл"
    ],
    "month": [
        "ый"
    ],
    "week": [
        "нэдиэлэ"
    ],
    "day": [
        "күн"
    ],
    "hour": [
        "чаас"
    ],
    "minute": [
        "мүнүүтэ"
    ],
    "second": [
        "сөкүүндэ"
    ],
    "relative-type": {
        "0 day ago": [
            "бүгүн"
        ],
        "0 hour ago": [
            "this hour"
        ],
        "0 minute ago": [
            "this minute"
        ],
        "0 month ago": [
            "бу ый"
        ],
        "0 second ago": [
            "билигин"
        ],
        "0 week ago": [
            "бу нэдиэлэ"
        ],
        "0 year ago": [
            "быйыл"
        ],
        "1 day ago": [
            "бэҕэһээ"
        ],
        "1 month ago": [
            "ааспыт ый"
        ],
        "1 week ago": [
            "ааспыт нэдиэлэ"
        ],
        "1 year ago": [
            "былырыын"
        ],
        "in 1 day": [
            "сарсын"
        ],
        "in 1 month": [
            "аныгыскы ый"
        ],
        "in 1 week": [
            "кэлэр нэдиэлэ"
        ],
        "in 1 year": [
            "эһиил"
        ]
    },
    "relative-type-regex": {
        "\\1 day ago": [
            "{0} күн ынараа өттүгэр"
        ],
        "\\1 hour ago": [
            "{0} чаас ынараа өттүгэр"
        ],
        "\\1 minute ago": [
            "{0} мүнүүтэ ынараа өттүгэр"
        ],
        "\\1 month ago": [
            "{0} ый ынараа өттүгэр"
        ],
        "\\1 second ago": [
            "{0} сөк анараа өттүгэр",
            "{0} сөкүүндэ ынараа өттүгэр"
        ],
        "\\1 week ago": [
            "{0} нэдиэлэ анараа өттүгэр"
        ],
        "\\1 year ago": [
            "{0} сыл ынараа өттүгэр"
        ],
        "in \\1 day": [
            "{0} күнүнэн"
        ],
        "in \\1 hour": [
            "{0} чааһынан"
        ],
        "in \\1 minute": [
            "{0} мүнүүтэннэн"
        ],
        "in \\1 month": [
            "{0} ыйынан"
        ],
        "in \\1 second": [
            "{0} сөкүүндэннэн"
        ],
        "in \\1 week": [
            "{0} нэдиэлэннэн"
        ],
        "in \\1 year": [
            "{0} сылынан"
        ]
    },
    "locale_specific": {}
}