{
    "name": "se",
    "date_order": "YMD",
    "january": [
        "ođđajagemánnu",
        "ođđj"
    ],
    "february": [
        "guov",
        "guovvamánnu"
    ],
    "march": [
        "njuk",
        "njukčamánnu"
    ],
    "april": [
        "cuo",
        "cuoŋománnu"
    ],
    "may": [
        "mies",
        "miessemánnu"
    ],
    "june": [
        "geas",
        "geassemánnu"
    ],
    "july": [
        "suoi",
        "suoidnemánnu"
    ],
    "august": [
        "borg",
        "borgemánnu"
    ],
    "september": [
        "čakč",
        "čakčamánnu"
    ],
    "october": [
        "golg",
        "golggotmánnu"
    ],
    "november": [
        "skáb",
        "skábmamánnu"
    ],
    "december": [
        "juov",
        "juovlamánnu"
    ],
    "monday": [
        "vuos",
        "vuossárga"
    ],
    "tuesday": [
        "maŋ",
        "maŋŋebárga"
    ],
    "wednesday": [
        "gask",
        "gaskavahkku"
    ],
    "thursday": [
        "duor",
        "duorasdat"
    ],
    "friday": [
        "bear",
        "bearjadat"
    ],
    "saturday": [
        "láv",
        "lávvardat"
    ],
    "sunday": [
        "sotn",
        "sotnabeaivi"
    ],
    "am": [
        "ib",
        "iđitbeaivet",
        "iđitbeaivi"
    ],
    "pm": [
        "eahketbeaivet",
        "eahketbeaivi",
        "eb"
    ],
    "year": [
        "jáhki"
    ],
    "month": [
        "mánnu"
    ],
    "week": [
        "váhkku"
    ],
    "day": [
        "beaivi"
    ],
    "hour": [
        "diibmu"
    ],
    "minute": [
        "minuhtta"
    ],
    "second": [
        "sekunda"
    ],
    "relative-type": {
        "0 day ago": [
            "odne"
        ],
        "0 hour ago": [
            "this hour"
        ],
        "0 minute ago": [
            "this minute"
        ],
        "0 month ago": [
            "this month"
        ],
        "0 second ago": [
            "now"
        ],
        "0 week ago": [
            "this week"
        ],
        "0 year ago": [
            "this year"
        ],
        "1 day ago": [
            "ikte"
        ],
        "1 month ago": [
            "last month"
        ],
        "1 week ago": [
            "last week"
        ],
        "1 year ago": [
            "last year"
        ],
        "in 1 day": [
            "ihttin"
        ],
        "in 1 month": [
            "next month"
        ],
        "in 1 week": [
            "next week"
        ],
        "in 1 year": [
            "next year"
        ]
    },
    "relative-type-regex": {
        "\\1 day ago": [
            "{0} jándor árat",
            "{0} jándora árat"
        ],
        "\\1 hour ago": [
            "{0} diibmu árat",
            "{0} diibmur árat"
        ],
        "\\1 minute ago": [
            "{0} minuhta árat",
            "{0} minuhtta árat"
        ],
        "\\1 month ago": [
            "{0} mánotbadji árat"
        ],
        "\\1 second ago": [
            "{0} sekunda árat",
            "{0} sekundda árat"
        ],
        "\\1 week ago": [
            "{0} vahkku árat",
            "{0} vahku árat"
        ],
        "\\1 year ago": [
            "{0} jahki árat",
            "{0} jahkki árat"
        ],
        "in \\1 day": [
            "{0} jándor maŋŋilit",
            "{0} jándora maŋŋilit"
        ],
        "in \\1 hour": [
            "{0} diibmu maŋŋilit",
            "{0} diibmur maŋŋilit"
        ],
        "in \\1 minute": [
            "{0} minuhta maŋŋilit",
            "{0} minuhtta maŋŋilit"
        ],
        "in \\1 month": [
            "{0} mánotbadji maŋŋilit"
        ],
        "in \\1 second": [
            "{0} sekunda maŋŋilit",
            "{0} sekundda maŋŋilit"
        ],
        "in \\1 week": [
            "{0} vahkku maŋŋilit",
            "{0} vahku maŋŋilit"
        ],
        "in \\1 year": [
            "{0} jahki maŋŋilit",
            "{0} jahkki maŋŋilit"
        ]
    },
    "locale_specific": {
        "se-FI": {
            "name": "se-FI",
            "monday": [
                "vuossárgga"
            ],
            "tuesday": [
                "maŋŋebárgga"
            ],
            "wednesday": [
                "gaskavahku"
            ],
            "thursday": [
                "duorastaga"
            ],
            "friday": [
                "bearjadaga"
            ],
            "saturday": [
                "lávvardaga"
            ],
            "year": [
                "j",
                "jahki"
            ],
            "week": [
                "vahkku"
            ],
            "relative-type": {
                "0 year ago": [
                    "dán jagi"
                ],
                "1 year ago": [
                    "mannan jagi"
                ],
                "in 1 year": [
                    "boahtte jagi"
                ]
            },
            "relative-type-regex": {
                "\\1 year ago": [
                    "{0} jagi árat"
                ],
                "in \\1 year": [
                    "{0} jagi siste"
                ]
            }
        },
        "se-SE": {
            "name": "se-SE"
        }
    }
}