{
    "name": "sk",
    "date_order": "DMY",
    "january": [
        "jan",
        "január",
        "januára"
    ],
    "february": [
        "feb",
        "február",
        "februára"
    ],
    "march": [
        "mar",
        "marca",
        "marec"
    ],
    "april": [
        "apr",
        "apríl",
        "apríla"
    ],
    "may": [
        "máj",
        "mája"
    ],
    "june": [
        "jún",
        "júna"
    ],
    "july": [
        "júl",
        "júla"
    ],
    "august": [
        "aug",
        "august",
        "augusta"
    ],
    "september": [
        "sep",
        "september",
        "septembra"
    ],
    "october": [
        "okt",
        "október",
        "októbra"
    ],
    "november": [
        "nov",
        "november",
        "novembra"
    ],
    "december": [
        "dec",
        "december",
        "decembra"
    ],
    "monday": [
        "po",
        "pondelok"
    ],
    "tuesday": [
        "ut",
        "utorok"
    ],
    "wednesday": [
        "st",
        "streda"
    ],
    "thursday": [
        "št",
        "štvrtok"
    ],
    "friday": [
        "pi",
        "piatok"
    ],
    "saturday": [
        "so",
        "sobota"
    ],
    "sunday": [
        "ne",
        "nedeľa"
    ],
    "am": [
        "am"
    ],
    "pm": [
        "pm"
    ],
    "year": [
        "r",
        "rok"
    ],
    "month": [
        "mes",
        "mesiac"
    ],
    "week": [
        "týž",
        "týždeň"
    ],
    "day": [
        "d",
        "deň"
    ],
    "hour": [
        "h",
        "hodina"
    ],
    "minute": [
        "min",
        "minúta"
    ],
    "second": [
        "s",
        "sekunda"
    ],
    "relative-type": {
        "0 day ago": [
            "dnes"
        ],
        "0 hour ago": [
            "v tejto hodine"
        ],
        "0 minute ago": [
            "v tejto minúte"
        ],
        "0 month ago": [
            "tento mesiac"
        ],
        "0 second ago": [
            "teraz"
        ],
        "0 week ago": [
            "tento týždeň"
        ],
        "0 year ago": [
            "tento rok"
        ],
        "1 day ago": [
            "včera"
        ],
        "1 month ago": [
            "minulý mesiac"
        ],
        "1 week ago": [
            "minulý týždeň"
        ],
        "1 year ago": [
            "minulý rok"
        ],
        "in 1 day": [
            "zajtra"
        ],
        "in 1 month": [
            "budúci mesiac"
        ],
        "in 1 week": [
            "budúci týždeň"
        ],
        "in 1 year": [
            "budúci rok"
        ]
    },
    "relative-type-regex": {
        "\\1 day ago": [
            "pred {0} d",
            "pred {0} dňami",
            "pred {0} dňom"
        ],
        "\\1 hour ago": [
            "pred {0} h",
            "pred {0} hodinami",
            "pred {0} hodinou"
        ],
        "\\1 minute ago": [
            "pred {0} min",
            "pred {0} minútami",
            "pred {0} minútou"
        ],
        "\\1 month ago": [
            "pred {0} mes",
            "pred {0} mesiacmi",
            "pred {0} mesiacom"
        ],
        "\\1 second ago": [
            "pred {0} s",
            "pred {0} sekundami",
            "pred {0} sekundou"
        ],
        "\\1 week ago": [
            "pred {0} týž",
            "pred {0} týždňami",
            "pred {0} týždňom"
        ],
        "\\1 year ago": [
            "pred {0} r",
            "pred {0} rokmi",
            "pred {0} rokom"
        ],
        "in \\1 day": [
            "o {0} d",
            "o {0} deň",
            "o {0} dní"
        ],
        "in \\1 hour": [
            "o {0} h",
            "o {0} hodinu",
            "o {0} hodín"
        ],
        "in \\1 minute": [
            "o {0} min",
            "o {0} minút",
            "o {0} minútu"
        ],
        "in \\1 month": [
            "o {0} mes",
            "o {0} mesiac",
            "o {0} mesiacov"
        ],
        "in \\1 second": [
            "o {0} s",
            "o {0} sekundu",
            "o {0} sekúnd"
        ],
        "in \\1 week": [
            "o {0} týž",
            "o {0} týždeň",
            "o {0} týždňov"
        ],
        "in \\1 year": [
            "o {0} r",
            "o {0} rok",
            "o {0} rokov"
        ]
    },
    "locale_specific": {}
}