{
    "name": "sr-Latn",
    "date_order": "DMY",
    "january": [
        "jan",
        "januar"
    ],
    "february": [
        "feb",
        "februar"
    ],
    "march": [
        "mar",
        "mart"
    ],
    "april": [
        "apr",
        "april"
    ],
    "may": [
        "maj"
    ],
    "june": [
        "jun"
    ],
    "july": [
        "jul"
    ],
    "august": [
        "avg",
        "avgust"
    ],
    "september": [
        "sep",
        "septembar"
    ],
    "october": [
        "okt",
        "oktobar"
    ],
    "november": [
        "nov",
        "novembar"
    ],
    "december": [
        "dec",
        "decembar"
    ],
    "monday": [
        "pon",
        "ponedeljak"
    ],
    "tuesday": [
        "uto",
        "utorak"
    ],
    "wednesday": [
        "sre",
        "sreda"
    ],
    "thursday": [
        "čet",
        "četvrtak"
    ],
    "friday": [
        "pet",
        "petak"
    ],
    "saturday": [
        "sub",
        "subota"
    ],
    "sunday": [
        "ned",
        "nedelja"
    ],
    "am": [
        "pre podne"
    ],
    "pm": [
        "po podne"
    ],
    "year": [
        "g",
        "god",
        "godina"
    ],
    "month": [
        "m",
        "mes",
        "mesec"
    ],
    "week": [
        "n",
        "ned",
        "nedelja"
    ],
    "day": [
        "d",
        "dan"
    ],
    "hour": [
        "sat",
        "č"
    ],
    "minute": [
        "min",
        "minut"
    ],
    "second": [
        "s",
        "sek",
        "sekund"
    ],
    "relative-type": {
        "0 day ago": [
            "danas"
        ],
        "0 hour ago": [
            "ovog sata"
        ],
        "0 minute ago": [
            "ovog minuta"
        ],
        "0 month ago": [
            "ovog meseca"
        ],
        "0 second ago": [
            "sada"
        ],
        "0 week ago": [
            "ove nedelje"
        ],
        "0 year ago": [
            "ove godine"
        ],
        "1 day ago": [
            "juče"
        ],
        "1 month ago": [
            "prošlog meseca"
        ],
        "1 week ago": [
            "prošle nedelje"
        ],
        "1 year ago": [
            "prošle godine"
        ],
        "in 1 day": [
            "sutra"
        ],
        "in 1 month": [
            "sledećeg meseca"
        ],
        "in 1 week": [
            "sledeće nedelje"
        ],
        "in 1 year": [
            "sledeće godine"
        ]
    },
    "relative-type-regex": {
        "\\1 day ago": [
            "pre {0} d",
            "pre {0} dana"
        ],
        "\\1 hour ago": [
            "pre {0} sata",
            "pre {0} sati",
            "pre {0} č"
        ],
        "\\1 minute ago": [
            "pre {0} min",
            "pre {0} minuta"
        ],
        "\\1 month ago": [
            "pre {0} m",
            "pre {0} mes",
            "pre {0} meseca",
            "pre {0} meseci"
        ],
        "\\1 second ago": [
            "pre {0} s",
            "pre {0} sek",
            "pre {0} sekunde",
            "pre {0} sekundi"
        ],
        "\\1 week ago": [
            "pre {0} n",
            "pre {0} ned",
            "pre {0} nedelja",
            "pre {0} nedelje"
        ],
        "\\1 year ago": [
            "pre {0} g",
            "pre {0} god",
            "pre {0} godina",
            "pre {0} godine"
        ],
        "in \\1 day": [
            "za {0} d",
            "za {0} dan",
            "za {0} dana"
        ],
        "in \\1 hour": [
            "za {0} sat",
            "za {0} sati",
            "za {0} č"
        ],
        "in \\1 minute": [
            "za {0} min",
            "za {0} minut",
            "za {0} minuta"
        ],
        "in \\1 month": [
            "za {0} m",
            "za {0} mes",
            "za {0} mesec",
            "za {0} meseci"
        ],
        "in \\1 second": [
            "za {0} s",
            "za {0} sek",
            "za {0} sekundi",
            "za {0} sekundu"
        ],
        "in \\1 week": [
            "za {0} n",
            "za {0} ned",
            "za {0} nedelja",
            "za {0} nedelju"
        ],
        "in \\1 year": [
            "za {0} g",
            "za {0} god",
            "za {0} godina",
            "za {0} godinu"
        ]
    },
    "locale_specific": {
        "sr-Latn-BA": {
            "name": "sr-Latn-BA",
            "september": [
                "sept"
            ],
            "tuesday": [
                "ut"
            ],
            "wednesday": [
                "sr",
                "srijeda"
            ],
            "sunday": [
                "nedjelja"
            ],
            "am": [
                "prije podne"
            ]
        },
        "sr-Latn-ME": {
            "name": "sr-Latn-ME",
            "september": [
                "sept"
            ],
            "tuesday": [
                "ut"
            ],
            "wednesday": [
                "sr",
                "srijeda"
            ],
            "sunday": [
                "nedjelja"
            ],
            "am": [
                "prije podne"
            ]
        },
        "sr-Latn-XK": {
            "name": "sr-Latn-XK",
            "september": [
                "sept"
            ],
            "tuesday": [
                "ut"
            ],
            "wednesday": [
                "sr"
            ]
        }
    }
}