{
    "name": "sr",
    "date_order": "DMY",
    "january": [
        "јан",
        "јануар"
    ],
    "february": [
        "феб",
        "фебруар"
    ],
    "march": [
        "мар",
        "март"
    ],
    "april": [
        "апр",
        "април"
    ],
    "may": [
        "мај"
    ],
    "june": [
        "јун"
    ],
    "july": [
        "јул"
    ],
    "august": [
        "авг",
        "август"
    ],
    "september": [
        "сеп",
        "септембар"
    ],
    "october": [
        "окт",
        "октобар"
    ],
    "november": [
        "нов",
        "новембар"
    ],
    "december": [
        "дец",
        "децембар"
    ],
    "monday": [
        "пон",
        "понедељак"
    ],
    "tuesday": [
        "уто",
        "уторак"
    ],
    "wednesday": [
        "сре",
        "среда"
    ],
    "thursday": [
        "чет",
        "четвртак"
    ],
    "friday": [
        "пет",
        "петак"
    ],
    "saturday": [
        "суб",
        "субота"
    ],
    "sunday": [
        "нед",
        "недеља"
    ],
    "am": [
        "пре подне"
    ],
    "pm": [
        "по подне"
    ],
    "year": [
        "г",
        "год",
        "година"
    ],
    "month": [
        "м",
        "мес",
        "месец"
    ],
    "week": [
        "н",
        "нед",
        "недеља"
    ],
    "day": [
        "д",
        "дан"
    ],
    "hour": [
        "сат",
        "ч"
    ],
    "minute": [
        "мин",
        "минут"
    ],
    "second": [
        "с",
        "сек",
        "секунд"
    ],
    "relative-type": {
        "0 day ago": [
            "данас"
        ],
        "0 hour ago": [
            "овог сата"
        ],
        "0 minute ago": [
            "овог минута"
        ],
        "0 month ago": [
            "овог месеца"
        ],
        "0 second ago": [
            "сада"
        ],
        "0 week ago": [
            "ове недеље"
        ],
        "0 year ago": [
            "ове године"
        ],
        "1 day ago": [
            "јуче"
        ],
        "1 month ago": [
            "прошлог месеца"
        ],
        "1 week ago": [
            "прошле недеље"
        ],
        "1 year ago": [
            "прошле године"
        ],
        "in 1 day": [
            "сутра"
        ],
        "in 1 month": [
            "следећег месеца"
        ],
        "in 1 week": [
            "следеће недеље"
        ],
        "in 1 year": [
            "следеће године"
        ]
    },
    "relative-type-regex": {
        "\\1 day ago": [
            "пре {0} д",
            "пре {0} дана"
        ],
        "\\1 hour ago": [
            "пре {0} сата",
            "пре {0} сати",
            "пре {0} ч"
        ],
        "\\1 minute ago": [
            "пре {0} мин",
            "пре {0} минута"
        ],
        "\\1 month ago": [
            "пре {0} м",
            "пре {0} мес",
            "пре {0} месеца",
            "пре {0} месеци"
        ],
        "\\1 second ago": [
            "пре {0} с",
            "пре {0} сек",
            "пре {0} секунде",
            "пре {0} секунди"
        ],
        "\\1 week ago": [
            "пре {0} н",
            "пре {0} нед",
            "пре {0} недеља",
            "пре {0} недеље"
        ],
        "\\1 year ago": [
            "пре {0} г",
            "пре {0} год",
            "пре {0} година",
            "пре {0} године"
        ],
        "in \\1 day": [
            "за {0} д",
            "за {0} дан",
            "за {0} дана"
        ],
        "in \\1 hour": [
            "за {0} сат",
            "за {0} сати",
            "за {0} ч"
        ],
        "in \\1 minute": [
            "за {0} мин",
            "за {0} минут",
            "за {0} минута"
        ],
        "in \\1 month": [
            "за {0} м",
            "за {0} мес",
            "за {0} месец",
            "за {0} месеци"
        ],
        "in \\1 second": [
            "за {0} с",
            "за {0} сек",
            "за {0} секунди",
            "за {0} секунду"
        ],
        "in \\1 week": [
            "за {0} н",
            "за {0} нед",
            "за {0} недеља",
            "за {0} недељу"
        ],
        "in \\1 year": [
            "за {0} г",
            "за {0} год",
            "за {0} година",
            "за {0} годину"
        ]
    },
    "locale_specific": {}
}