{
    "name": "ta",
    "date_order": "DMY",
    "january": [
        "ஜன",
        "ஜனவரி"
    ],
    "february": [
        "பிப்",
        "பிப்ரவரி"
    ],
    "march": [
        "மார்",
        "மார்ச்"
    ],
    "april": [
        "ஏப்",
        "ஏப்ரல்"
    ],
    "may": [
        "மே"
    ],
    "june": [
        "ஜூன்"
    ],
    "july": [
        "ஜூலை"
    ],
    "august": [
        "ஆக",
        "ஆகஸ்ட்"
    ],
    "september": [
        "செப்",
        "செப்டம்பர்"
    ],
    "october": [
        "அக்",
        "அக்டோபர்"
    ],
    "november": [
        "நவ",
        "நவம்பர்"
    ],
    "december": [
        "டிச",
        "டிசம்பர்"
    ],
    "monday": [
        "திங்",
        "திங்கள்"
    ],
    "tuesday": [
        "செவ்",
        "செவ்வாய்"
    ],
    "wednesday": [
        "புத",
        "புதன்"
    ],
    "thursday": [
        "வியா",
        "வியாழன்"
    ],
    "friday": [
        "வெள்",
        "வெள்ளி"
    ],
    "saturday": [
        "சனி"
    ],
    "sunday": [
        "ஞாயி",
        "ஞாயிறு"
    ],
    "am": [
        "முற்பகல்"
    ],
    "pm": [
        "பிற்பகல்"
    ],
    "year": [
        "ஆ",
        "ஆண்டு"
    ],
    "month": [
        "மா",
        "மாத",
        "மாதம்"
    ],
    "week": [
        "வா",
        "வாரம்"
    ],
    "day": [
        "நா",
        "நாள்"
    ],
    "hour": [
        "ம",
        "மணி"
    ],
    "minute": [
        "நிமி",
        "நிமிடம்"
    ],
    "second": [
        "வி",
        "விநா",
        "விநாடி"
    ],
    "relative-type": {
        "0 day ago": [
            "இன்று"
        ],
        "0 hour ago": [
            "இந்த ஒரு மணிநேரத்தில்"
        ],
        "0 minute ago": [
            "இந்த ஒரு நிமிடத்தில்"
        ],
        "0 month ago": [
            "இந்த மாதம்"
        ],
        "0 second ago": [
            "இப்போது"
        ],
        "0 week ago": [
            "இந்த வாரம்"
        ],
        "0 year ago": [
            "இந்த ஆண்டு"
        ],
        "1 day ago": [
            "நேற்று"
        ],
        "1 month ago": [
            "கடந்த மாதம்"
        ],
        "1 week ago": [
            "கடந்த வாரம்"
        ],
        "1 year ago": [
            "கடந்த ஆண்டு"
        ],
        "in 1 day": [
            "நாளை"
        ],
        "in 1 month": [
            "அடுத்த மாதம்"
        ],
        "in 1 week": [
            "அடுத்த வாரம்"
        ],
        "in 1 year": [
            "அடுத்த ஆண்டு"
        ]
    },
    "relative-type-regex": {
        "\\1 day ago": [
            "{0} நா முன்",
            "{0} நாட்களுக்கு முன்",
            "{0} நாளுக்கு முன்"
        ],
        "\\1 hour ago": [
            "{0} ம முன்",
            "{0} மணி முன்",
            "{0} மணிநேரம் முன்"
        ],
        "\\1 minute ago": [
            "{0} நி முன்",
            "{0} நிமி முன்",
            "{0} நிமிடங்களுக்கு முன்",
            "{0} நிமிடத்திற்கு முன்"
        ],
        "\\1 month ago": [
            "{0} மா முன்",
            "{0} மாத முன்",
            "{0} மாதங்களுக்கு முன்",
            "{0} மாதத்துக்கு முன்"
        ],
        "\\1 second ago": [
            "{0} வி முன்",
            "{0} விநா முன்",
            "{0} விநாடிகளுக்கு முன்",
            "{0} விநாடிக்கு முன்"
        ],
        "\\1 week ago": [
            "{0} வா முன்",
            "{0} வார முன்",
            "{0} வாரங்களுக்கு முன்",
            "{0} வாரத்திற்கு முன்பு"
        ],
        "\\1 year ago": [
            "{0} ஆ முன்",
            "{0} ஆண்டிற்கு முன்",
            "{0} ஆண்டுகளுக்கு முன்"
        ],
        "in \\1 day": [
            "{0} நா",
            "{0} நாட்களில்",
            "{0} நாளில்"
        ],
        "in \\1 hour": [
            "{0} ம",
            "{0} மணி",
            "{0} மணிநேரத்தில்"
        ],
        "in \\1 minute": [
            "{0} நி",
            "{0} நிமி",
            "{0} நிமிடங்களில்",
            "{0} நிமிடத்தில்"
        ],
        "in \\1 month": [
            "{0} மா",
            "{0} மாத",
            "{0} மாதங்களில்",
            "{0} மாதத்தில்"
        ],
        "in \\1 second": [
            "{0} வி",
            "{0} விநா",
            "{0} விநாடிகளில்",
            "{0} விநாடியில்"
        ],
        "in \\1 week": [
            "{0} வா",
            "{0} வார",
            "{0} வாரங்களில்",
            "{0} வாரத்தில்"
        ],
        "in \\1 year": [
            "{0} ஆ",
            "{0} ஆண்டில்",
            "{0} ஆண்டுகளில்"
        ]
    },
    "locale_specific": {
        "ta-LK": {
            "name": "ta-LK"
        },
        "ta-MY": {
            "name": "ta-MY"
        },
        "ta-SG": {
            "name": "ta-SG"
        }
    }
}