{
    "name": "te",
    "date_order": "DMY",
    "january": [
        "జన",
        "జనవరి"
    ],
    "february": [
        "ఫిబ్ర",
        "ఫిబ్రవరి"
    ],
    "march": [
        "మార్చి"
    ],
    "april": [
        "ఏప్రి",
        "ఏప్రిల్"
    ],
    "may": [
        "మే"
    ],
    "june": [
        "జూన్"
    ],
    "july": [
        "జులై"
    ],
    "august": [
        "ఆగ",
        "ఆగస్టు"
    ],
    "september": [
        "సెప్టెం",
        "సెప్టెంబర్"
    ],
    "october": [
        "అక్టో",
        "అక్టోబర్"
    ],
    "november": [
        "నవం",
        "నవంబర్"
    ],
    "december": [
        "డిసెం",
        "డిసెంబర్"
    ],
    "monday": [
        "సోమ",
        "సోమవారం"
    ],
    "tuesday": [
        "మంగళ",
        "మంగళవారం"
    ],
    "wednesday": [
        "బుధ",
        "బుధవారం"
    ],
    "thursday": [
        "గురు",
        "గురువారం"
    ],
    "friday": [
        "శుక్ర",
        "శుక్రవారం"
    ],
    "saturday": [
        "శని",
        "శనివారం"
    ],
    "sunday": [
        "ఆది",
        "ఆదివారం"
    ],
    "am": [
        "am"
    ],
    "pm": [
        "pm"
    ],
    "year": [
        "సం",
        "సంవత్సరం"
    ],
    "month": [
        "నె",
        "నెల"
    ],
    "week": [
        "వా",
        "వారము"
    ],
    "day": [
        "ది",
        "దినం"
    ],
    "hour": [
        "గం",
        "గంట"
    ],
    "minute": [
        "ని",
        "నిమి",
        "నిమిషము"
    ],
    "second": [
        "సెక",
        "సెకను"
    ],
    "relative-type": {
        "0 day ago": [
            "ఈ రోజు"
        ],
        "0 hour ago": [
            "ఈ గంట"
        ],
        "0 minute ago": [
            "ఈ నిమిషం"
        ],
        "0 month ago": [
            "ఈ నెల"
        ],
        "0 second ago": [
            "ప్రస్తుతం"
        ],
        "0 week ago": [
            "ఈ వారం"
        ],
        "0 year ago": [
            "ఈ సంవత్సరం"
        ],
        "1 day ago": [
            "నిన్న"
        ],
        "1 month ago": [
            "గత నెల"
        ],
        "1 week ago": [
            "గత వారం"
        ],
        "1 year ago": [
            "గత సంవత్సరం"
        ],
        "in 1 day": [
            "రేపు"
        ],
        "in 1 month": [
            "తదుపరి నెల"
        ],
        "in 1 week": [
            "తదుపరి వారం"
        ],
        "in 1 year": [
            "తదుపరి సంవత్సరం"
        ]
    },
    "relative-type-regex": {
        "\\1 day ago": [
            "{0} రోజు క్రితం",
            "{0} రోజుల క్రితం"
        ],
        "\\1 hour ago": [
            "{0} గం క్రితం",
            "{0} గంట క్రితం",
            "{0} గంటల క్రితం"
        ],
        "\\1 minute ago": [
            "{0} నిమి క్రితం",
            "{0} నిమిషం క్రితం",
            "{0} నిమిషాల క్రితం"
        ],
        "\\1 month ago": [
            "{0} నెల క్రితం",
            "{0} నెలల క్రితం"
        ],
        "\\1 second ago": [
            "{0} సెక క్రితం",
            "{0} సెకను క్రితం",
            "{0} సెకన్ల క్రితం"
        ],
        "\\1 week ago": [
            "{0} వారం క్రితం",
            "{0} వారాల క్రితం"
        ],
        "\\1 year ago": [
            "{0} సం క్రితం",
            "{0} సంవత్సరం క్రితం",
            "{0} సంవత్సరాల క్రితం"
        ],
        "in \\1 day": [
            "{0} రోజులో",
            "{0} రోజుల్లో"
        ],
        "in \\1 hour": [
            "{0} గంటలో",
            "{0} గంటల్లో",
            "{0} గంలో"
        ],
        "in \\1 minute": [
            "{0} నిమిలో",
            "{0} నిమిషంలో",
            "{0} నిమిషాల్లో"
        ],
        "in \\1 month": [
            "{0} నెలలో",
            "{0} నెలల్లో"
        ],
        "in \\1 second": [
            "{0} సెక లో",
            "{0} సెకనులో",
            "{0} సెకన్లలో"
        ],
        "in \\1 week": [
            "{0} వారంలో",
            "{0} వారాల్లో"
        ],
        "in \\1 year": [
            "{0} సంలో",
            "{0} సంవత్సరంలో",
            "{0} సంవత్సరాల్లో"
        ]
    },
    "locale_specific": {}
}