{
    "name": "th",
    "date_order": "DMY",
    "january": [
        "มกราคม",
        "มค"
    ],
    "february": [
        "กพ",
        "กุมภาพันธ์"
    ],
    "march": [
        "มีค",
        "มีนาคม"
    ],
    "april": [
        "เมย",
        "เมษายน"
    ],
    "may": [
        "พค",
        "พฤษภาคม"
    ],
    "june": [
        "มิถุนายน",
        "มิย"
    ],
    "july": [
        "กค",
        "กรกฎาคม"
    ],
    "august": [
        "สค",
        "สิงหาคม"
    ],
    "september": [
        "กย",
        "กันยายน"
    ],
    "october": [
        "ตค",
        "ตุลาคม"
    ],
    "november": [
        "พย",
        "พฤศจิกายน"
    ],
    "december": [
        "ธค",
        "ธันวาคม"
    ],
    "monday": [
        "จ",
        "วันจันทร์"
    ],
    "tuesday": [
        "วันอังคาร",
        "อ"
    ],
    "wednesday": [
        "พ",
        "วันพุธ"
    ],
    "thursday": [
        "พฤ",
        "วันพฤหัสบดี"
    ],
    "friday": [
        "วันศุกร์",
        "ศ"
    ],
    "saturday": [
        "วันเสาร์",
        "ส"
    ],
    "sunday": [
        "วันอาทิตย์",
        "อา"
    ],
    "am": [
        "ก่อนเที่ยง"
    ],
    "pm": [
        "หลังเที่ยง"
    ],
    "year": [
        "ปี"
    ],
    "month": [
        "เดือน"
    ],
    "week": [
        "สัปดาห์"
    ],
    "day": [
        "วัน"
    ],
    "hour": [
        "ชม",
        "ชั่วโมง"
    ],
    "minute": [
        "น",
        "นาที"
    ],
    "second": [
        "วิ",
        "วินาที"
    ],
    "relative-type": {
        "0 day ago": [
            "วันนี้"
        ],
        "0 hour ago": [
            "ชั่วโมงนี้"
        ],
        "0 minute ago": [
            "นาทีนี้"
        ],
        "0 month ago": [
            "เดือนนี้"
        ],
        "0 second ago": [
            "ขณะนี้"
        ],
        "0 week ago": [
            "สัปดาห์นี้"
        ],
        "0 year ago": [
            "ปีนี้"
        ],
        "1 day ago": [
            "เมื่อวาน"
        ],
        "1 month ago": [
            "เดือนที่แล้ว"
        ],
        "1 week ago": [
            "สัปดาห์ที่แล้ว"
        ],
        "1 year ago": [
            "ปีที่แล้ว"
        ],
        "in 1 day": [
            "พรุ่งนี้"
        ],
        "in 1 month": [
            "เดือนหน้า"
        ],
        "in 1 week": [
            "สัปดาห์หน้า"
        ],
        "in 1 year": [
            "ปีหน้า"
        ]
    },
    "relative-type-regex": {
        "\\1 day ago": [
            "{0} วันที่ผ่านมา",
            "{0} วันที่แล้ว"
        ],
        "\\1 hour ago": [
            "{0} ชม ที่แล้ว",
            "{0} ชั่วโมงที่ผ่านมา"
        ],
        "\\1 minute ago": [
            "{0} นาทีที่ผ่านมา",
            "{0} นาทีที่แล้ว"
        ],
        "\\1 month ago": [
            "{0} เดือนที่ผ่านมา",
            "{0} เดือนที่แล้ว"
        ],
        "\\1 second ago": [
            "{0} วินาทีที่ผ่านมา",
            "{0} วินาทีที่แล้ว"
        ],
        "\\1 week ago": [
            "{0} สัปดาห์ที่ผ่านมา",
            "{0} สัปดาห์ที่แล้ว"
        ],
        "\\1 year ago": [
            "{0} ปีที่แล้ว"
        ],
        "in \\1 day": [
            "ใน {0} วัน",
            "ในอีก {0} วัน"
        ],
        "in \\1 hour": [
            "ใน {0} ชม",
            "ในอีก {0} ชั่วโมง"
        ],
        "in \\1 minute": [
            "ใน {0} นาที",
            "ในอีก {0} นาที"
        ],
        "in \\1 month": [
            "ใน {0} เดือน",
            "ในอีก {0} เดือน"
        ],
        "in \\1 second": [
            "ใน {0} วินาที",
            "ในอีก {0} วินาที"
        ],
        "in \\1 week": [
            "ใน {0} สัปดาห์",
            "ในอีก {0} สัปดาห์"
        ],
        "in \\1 year": [
            "ใน {0} ปี",
            "ในอีก {0} ปี"
        ]
    },
    "locale_specific": {}
}