{
    "name": "ug",
    "date_order": "YMD",
    "january": [
        "يانۋار"
    ],
    "february": [
        "فېۋرال"
    ],
    "march": [
        "مارت"
    ],
    "april": [
        "ئاپرېل"
    ],
    "may": [
        "ماي"
    ],
    "june": [
        "ئىيۇن"
    ],
    "july": [
        "ئىيۇل"
    ],
    "august": [
        "ئاۋغۇست"
    ],
    "september": [
        "سېنتەبىر"
    ],
    "october": [
        "ئۆكتەبىر"
    ],
    "november": [
        "نويابىر"
    ],
    "december": [
        "دېكابىر"
    ],
    "monday": [
        "دۈ",
        "دۈشەنبە"
    ],
    "tuesday": [
        "سە",
        "سەيشەنبە"
    ],
    "wednesday": [
        "چا",
        "چارشەنبە"
    ],
    "thursday": [
        "پە",
        "پەيشەنبە"
    ],
    "friday": [
        "جۈ",
        "جۈمە"
    ],
    "saturday": [
        "شە",
        "شەنبە"
    ],
    "sunday": [
        "يە",
        "يەكشەنبە"
    ],
    "am": [
        "چب",
        "چۈشتىن بۇرۇن"
    ],
    "pm": [
        "چك",
        "چۈشتىن كېيىن"
    ],
    "year": [
        "يىل"
    ],
    "month": [
        "ئاي"
    ],
    "week": [
        "ھەپتە"
    ],
    "day": [
        "كۈن"
    ],
    "hour": [
        "سائەت"
    ],
    "minute": [
        "مىنۇت"
    ],
    "second": [
        "سېكۇنت"
    ],
    "relative-type": {
        "0 day ago": [
            "بۈگۈن"
        ],
        "0 hour ago": [
            "this hour"
        ],
        "0 minute ago": [
            "this minute"
        ],
        "0 month ago": [
            "بۇ ئاي"
        ],
        "0 second ago": [
            "now"
        ],
        "0 week ago": [
            "بۇ ھەپتە"
        ],
        "0 year ago": [
            "بۇ يىل"
        ],
        "1 day ago": [
            "تۈنۈگۈن"
        ],
        "1 month ago": [
            "ئۆتكەن ئاي"
        ],
        "1 week ago": [
            "ئۆتكەن ھەپتە"
        ],
        "1 year ago": [
            "ئۆتكەن يىل"
        ],
        "in 1 day": [
            "ئەتە"
        ],
        "in 1 month": [
            "كېلەر ئاي"
        ],
        "in 1 week": [
            "كېلەر ھەپتە"
        ],
        "in 1 year": [
            "كېلەر يىل"
        ]
    },
    "relative-type-regex": {
        "\\1 day ago": [
            "{0} كۈن ئىلگىرى"
        ],
        "\\1 hour ago": [
            "{0} سائەت ئىلگىرى"
        ],
        "\\1 minute ago": [
            "{0} مىنۇت ئىلگىرى"
        ],
        "\\1 month ago": [
            "{0} ئاي ئىلگىرى"
        ],
        "\\1 second ago": [
            "{0} سېكۇنت ئىلگىرى"
        ],
        "\\1 week ago": [
            "{0} ھەپتە ئىلگىرى"
        ],
        "\\1 year ago": [
            "{0} يىل ئىلگىرى"
        ],
        "in \\1 day": [
            "{0} كۈندىن كېيىن"
        ],
        "in \\1 hour": [
            "{0} سائەتتىن كېيىن"
        ],
        "in \\1 minute": [
            "{0} مىنۇتتىن كېيىن"
        ],
        "in \\1 month": [
            "{0} ئايدىن كېيىن"
        ],
        "in \\1 second": [
            "{0} سېكۇنتتىن كېيىن"
        ],
        "in \\1 week": [
            "{0} ھەپتىدىن كېيىن"
        ],
        "in \\1 year": [
            "{0} يىلدىن كېيىن"
        ]
    },
    "locale_specific": {}
}