{
    "name": "uk",
    "date_order": "DMY",
    "january": [
        "січ",
        "січень",
        "січня"
    ],
    "february": [
        "лют",
        "лютий",
        "лютого"
    ],
    "march": [
        "бер",
        "березень",
        "березня"
    ],
    "april": [
        "кві",
        "квіт",
        "квітень",
        "квітня"
    ],
    "may": [
        "тра",
        "трав",
        "травень",
        "травня"
    ],
    "june": [
        "чер",
        "черв",
        "червень",
        "червня"
    ],
    "july": [
        "лип",
        "липень",
        "липня"
    ],
    "august": [
        "сер",
        "серп",
        "серпень",
        "серпня"
    ],
    "september": [
        "вер",
        "вересень",
        "вересня"
    ],
    "october": [
        "жов",
        "жовт",
        "жовтень",
        "жовтня"
    ],
    "november": [
        "лис",
        "лист",
        "листопад",
        "листопада"
    ],
    "december": [
        "гру",
        "груд",
        "грудень",
        "грудня"
    ],
    "monday": [
        "пн",
        "понеділок"
    ],
    "tuesday": [
        "вт",
        "вівторок"
    ],
    "wednesday": [
        "середа",
        "ср"
    ],
    "thursday": [
        "четвер",
        "чт"
    ],
    "friday": [
        "п'ятниця",
        "пт"
    ],
    "saturday": [
        "сб",
        "субота"
    ],
    "sunday": [
        "нд",
        "неділя"
    ],
    "am": [
        "дп"
    ],
    "pm": [
        "пп"
    ],
    "year": [
        "р",
        "рік"
    ],
    "month": [
        "міс",
        "місяць"
    ],
    "week": [
        "тиж",
        "тиждень"
    ],
    "day": [
        "д",
        "день"
    ],
    "hour": [
        "год",
        "година"
    ],
    "minute": [
        "хв",
        "хвилина"
    ],
    "second": [
        "с",
        "секунда"
    ],
    "relative-type": {
        "0 day ago": [
            "сьогодні"
        ],
        "0 hour ago": [
            "цієї години"
        ],
        "0 minute ago": [
            "цієї хвилини"
        ],
        "0 month ago": [
            "цього місяця"
        ],
        "0 second ago": [
            "зараз"
        ],
        "0 week ago": [
            "цього тижня"
        ],
        "0 year ago": [
            "цього року"
        ],
        "1 day ago": [
            "учора"
        ],
        "1 month ago": [
            "минулого місяця"
        ],
        "1 week ago": [
            "минулого тижня"
        ],
        "1 year ago": [
            "торік"
        ],
        "in 1 day": [
            "завтра"
        ],
        "in 1 month": [
            "наступного місяця"
        ],
        "in 1 week": [
            "наступного тижня"
        ],
        "in 1 year": [
            "наступного року"
        ]
    },
    "relative-type-regex": {
        "\\1 day ago": [
            "{0} д тому",
            "{0} день тому",
            "{0} дн тому",
            "{0} дня тому"
        ],
        "\\1 hour ago": [
            "{0} год тому",
            "{0} години тому",
            "{0} годину тому"
        ],
        "\\1 minute ago": [
            "{0} хв тому",
            "{0} хвилини тому",
            "{0} хвилину тому"
        ],
        "\\1 month ago": [
            "{0} міс тому",
            "{0} місяць тому",
            "{0} місяця тому"
        ],
        "\\1 second ago": [
            "{0} с тому",
            "{0} секунди тому",
            "{0} секунду тому"
        ],
        "\\1 week ago": [
            "{0} тиж тому",
            "{0} тиждень тому",
            "{0} тижня тому"
        ],
        "\\1 year ago": [
            "{0} р тому",
            "{0} року тому",
            "{0} рік тому"
        ],
        "in \\1 day": [
            "за {0} д",
            "через {0} день",
            "через {0} дн",
            "через {0} дня"
        ],
        "in \\1 hour": [
            "за {0} год",
            "через {0} год",
            "через {0} години",
            "через {0} годину"
        ],
        "in \\1 minute": [
            "за {0} хв",
            "через {0} хв",
            "через {0} хвилини",
            "через {0} хвилину"
        ],
        "in \\1 month": [
            "за {0} міс",
            "через {0} міс",
            "через {0} місяць",
            "через {0} місяця"
        ],
        "in \\1 second": [
            "за {0} с",
            "через {0} с",
            "через {0} секунди",
            "через {0} секунду"
        ],
        "in \\1 week": [
            "за {0} тиж",
            "через {0} тиж",
            "через {0} тиждень",
            "через {0} тижня"
        ],
        "in \\1 year": [
            "за {0} р",
            "через {0} р",
            "через {0} року",
            "через {0} рік"
        ]
    },
    "locale_specific": {}
}