{
    "name": "ur",
    "date_order": "DMY",
    "january": [
        "جنوری"
    ],
    "february": [
        "فروری"
    ],
    "march": [
        "مارچ"
    ],
    "april": [
        "اپریل"
    ],
    "may": [
        "مئی"
    ],
    "june": [
        "جون"
    ],
    "july": [
        "جولائی"
    ],
    "august": [
        "اگست"
    ],
    "september": [
        "ستمبر"
    ],
    "october": [
        "اکتوبر"
    ],
    "november": [
        "نومبر"
    ],
    "december": [
        "دسمبر"
    ],
    "monday": [
        "سوموار"
    ],
    "tuesday": [
        "منگل"
    ],
    "wednesday": [
        "بدھ"
    ],
    "thursday": [
        "جمعرات"
    ],
    "friday": [
        "جمعہ"
    ],
    "saturday": [
        "ہفتہ"
    ],
    "sunday": [
        "اتوار"
    ],
    "am": [
        "am"
    ],
    "pm": [
        "pm"
    ],
    "year": [
        "سال"
    ],
    "month": [
        "ماہ",
        "مہینہ"
    ],
    "week": [
        "ہفتہ"
    ],
    "day": [
        "دن"
    ],
    "hour": [
        "گھنٹہ"
    ],
    "minute": [
        "منٹ"
    ],
    "second": [
        "سیکنڈ"
    ],
    "relative-type": {
        "0 day ago": [
            "آج"
        ],
        "0 hour ago": [
            "اس گھنٹے"
        ],
        "0 minute ago": [
            "اس منٹ"
        ],
        "0 month ago": [
            "اس مہینہ"
        ],
        "0 second ago": [
            "اب"
        ],
        "0 week ago": [
            "اس ہفتہ"
        ],
        "0 year ago": [
            "اس سال"
        ],
        "1 day ago": [
            "گزشتہ کل"
        ],
        "1 month ago": [
            "پچھلے مہینہ"
        ],
        "1 week ago": [
            "پچھلے ہفتہ"
        ],
        "1 year ago": [
            "گزشتہ سال"
        ],
        "in 1 day": [
            "آئندہ کل"
        ],
        "in 1 month": [
            "اگلے مہینہ"
        ],
        "in 1 week": [
            "اگلے ہفتہ"
        ],
        "in 1 year": [
            "اگلے سال"
        ]
    },
    "relative-type-regex": {
        "\\1 day ago": [
            "{0} دن پہلے",
            "{0} دنوں پہلے"
        ],
        "\\1 hour ago": [
            "{0} گھنٹہ پہلے",
            "{0} گھنٹے پہلے"
        ],
        "\\1 minute ago": [
            "{0} منٹ پہلے"
        ],
        "\\1 month ago": [
            "{0} ماہ قبل",
            "{0} ماہ پہلے",
            "{0} مہینہ پہلے",
            "{0} مہینے پہلے"
        ],
        "\\1 second ago": [
            "{0} سیکنڈ پہلے"
        ],
        "\\1 week ago": [
            "{0} ہفتہ پہلے",
            "{0} ہفتے پہلے"
        ],
        "\\1 year ago": [
            "{0} سال پہلے"
        ],
        "in \\1 day": [
            "{0} دن میں",
            "{0} دنوں میں"
        ],
        "in \\1 hour": [
            "{0} گھنٹوں میں",
            "{0} گھنٹہ میں",
            "{0} گھنٹے میں"
        ],
        "in \\1 minute": [
            "{0} منٹ میں"
        ],
        "in \\1 month": [
            "{0} ماہ میں",
            "{0} مہینہ میں",
            "{0} مہینے میں"
        ],
        "in \\1 second": [
            "{0} سیکنڈ میں"
        ],
        "in \\1 week": [
            "{0} ہفتہ میں",
            "{0} ہفتے میں"
        ],
        "in \\1 year": [
            "{0} سال میں"
        ]
    },
    "locale_specific": {
        "ur-IN": {
            "name": "ur-IN",
            "monday": [
                "پیر"
            ],
            "relative-type": {
                "0 month ago": [
                    "اس ماہ"
                ],
                "1 month ago": [
                    "گزشتہ ماہ"
                ],
                "1 week ago": [
                    "گزشتہ ہفتہ"
                ],
                "in 1 month": [
                    "اگلے ماہ"
                ]
            },
            "relative-type-regex": {
                "\\1 day ago": [
                    "{0} دن قبل"
                ],
                "\\1 hour ago": [
                    "{0} گھنٹہ قبل",
                    "{0} گھنٹے قبل"
                ],
                "\\1 minute ago": [
                    "{0} منٹ قبل"
                ],
                "\\1 second ago": [
                    "{0} سیکنڈ قبل"
                ],
                "\\1 week ago": [
                    "{0} ہفتہ قبل",
                    "{0} ہفتے قبل"
                ],
                "\\1 year ago": [
                    "{0} سالوں پہلے"
                ],
                "in \\1 week": [
                    "{0} ہفتوں میں"
                ],
                "in \\1 year": [
                    "{0} سالوں میں"
                ]
            }
        }
    }
}