{
    "name": "uz-Cyrl",
    "date_order": "DMY",
    "january": [
        "янв",
        "январ"
    ],
    "february": [
        "фев",
        "феврал"
    ],
    "march": [
        "мар",
        "март"
    ],
    "april": [
        "апр",
        "апрел"
    ],
    "may": [
        "май"
    ],
    "june": [
        "июн"
    ],
    "july": [
        "июл"
    ],
    "august": [
        "авг",
        "август"
    ],
    "september": [
        "сен",
        "сентябр"
    ],
    "october": [
        "окт",
        "октябр"
    ],
    "november": [
        "ноя",
        "ноябр"
    ],
    "december": [
        "дек",
        "декабр"
    ],
    "monday": [
        "душ",
        "душанба"
    ],
    "tuesday": [
        "сеш",
        "сешанба"
    ],
    "wednesday": [
        "чор",
        "чоршанба"
    ],
    "thursday": [
        "пай",
        "пайшанба"
    ],
    "friday": [
        "жум",
        "жума"
    ],
    "saturday": [
        "шан",
        "шанба"
    ],
    "sunday": [
        "якш",
        "якшанба"
    ],
    "am": [
        "то"
    ],
    "pm": [
        "тк"
    ],
    "year": [
        "йил"
    ],
    "month": [
        "ой"
    ],
    "week": [
        "ҳафта"
    ],
    "day": [
        "кун"
    ],
    "hour": [
        "соат"
    ],
    "minute": [
        "дақиқа"
    ],
    "second": [
        "сония"
    ],
    "relative-type": {
        "0 day ago": [
            "бугун"
        ],
        "0 hour ago": [
            "this hour"
        ],
        "0 minute ago": [
            "this minute"
        ],
        "0 month ago": [
            "бу ой"
        ],
        "0 second ago": [
            "ҳозир"
        ],
        "0 week ago": [
            "бу ҳафта"
        ],
        "0 year ago": [
            "бу йил"
        ],
        "1 day ago": [
            "кеча"
        ],
        "1 month ago": [
            "ўтган ой"
        ],
        "1 week ago": [
            "ўтган ҳафта"
        ],
        "1 year ago": [
            "ўтган йил"
        ],
        "in 1 day": [
            "эртага"
        ],
        "in 1 month": [
            "кейинги ой"
        ],
        "in 1 week": [
            "кейинги ҳафта"
        ],
        "in 1 year": [
            "кейинги йил"
        ]
    },
    "relative-type-regex": {
        "\\1 day ago": [
            "{0} кун олдин"
        ],
        "\\1 hour ago": [
            "{0} соат олдин"
        ],
        "\\1 minute ago": [
            "{0} дақиқа олдин"
        ],
        "\\1 month ago": [
            "{0} ой аввал"
        ],
        "\\1 second ago": [
            "{0} сония олдин"
        ],
        "\\1 week ago": [
            "{0} ҳафта олдин"
        ],
        "\\1 year ago": [
            "{0} йил аввал"
        ],
        "in \\1 day": [
            "{0} кундан сўнг"
        ],
        "in \\1 hour": [
            "{0} соатдан сўнг"
        ],
        "in \\1 minute": [
            "{0} дақиқадан сўнг"
        ],
        "in \\1 month": [
            "{0} ойдан сўнг"
        ],
        "in \\1 second": [
            "{0} сониядан сўнг"
        ],
        "in \\1 week": [
            "{0} ҳафтадан сўнг"
        ],
        "in \\1 year": [
            "{0} йилдан сўнг"
        ]
    },
    "locale_specific": {}
}