{
    "name": "vi",
    "date_order": "DMY",
    "january": [
        "thg 1",
        "tháng 1"
    ],
    "february": [
        "thg 2",
        "tháng 2"
    ],
    "march": [
        "thg 3",
        "tháng 3"
    ],
    "april": [
        "thg 4",
        "tháng 4"
    ],
    "may": [
        "thg 5",
        "tháng 5"
    ],
    "june": [
        "thg 6",
        "tháng 6"
    ],
    "july": [
        "thg 7",
        "tháng 7"
    ],
    "august": [
        "thg 8",
        "tháng 8"
    ],
    "september": [
        "thg 9",
        "tháng 9"
    ],
    "october": [
        "thg 10",
        "tháng 10"
    ],
    "november": [
        "thg 11",
        "tháng 11"
    ],
    "december": [
        "thg 12",
        "tháng 12"
    ],
    "monday": [
        "th 2",
        "thứ hai"
    ],
    "tuesday": [
        "th 3",
        "thứ ba"
    ],
    "wednesday": [
        "th 4",
        "thứ tư"
    ],
    "thursday": [
        "th 5",
        "thứ năm"
    ],
    "friday": [
        "th 6",
        "thứ sáu"
    ],
    "saturday": [
        "th 7",
        "thứ bảy"
    ],
    "sunday": [
        "chủ nhật",
        "cn"
    ],
    "am": [
        "sa"
    ],
    "pm": [
        "ch"
    ],
    "year": [
        "năm"
    ],
    "month": [
        "tháng"
    ],
    "week": [
        "tuần"
    ],
    "day": [
        "ngày"
    ],
    "hour": [
        "giờ"
    ],
    "minute": [
        "phút"
    ],
    "second": [
        "giây"
    ],
    "relative-type": {
        "0 day ago": [
            "hôm nay"
        ],
        "0 hour ago": [
            "giờ này"
        ],
        "0 minute ago": [
            "phút này"
        ],
        "0 month ago": [
            "tháng này"
        ],
        "0 second ago": [
            "bây giờ"
        ],
        "0 week ago": [
            "tuần này"
        ],
        "0 year ago": [
            "năm nay"
        ],
        "1 day ago": [
            "hôm qua"
        ],
        "1 month ago": [
            "tháng trước"
        ],
        "1 week ago": [
            "tuần trước"
        ],
        "1 year ago": [
            "năm ngoái"
        ],
        "in 1 day": [
            "ngày mai"
        ],
        "in 1 month": [
            "tháng sau"
        ],
        "in 1 week": [
            "tuần sau"
        ],
        "in 1 year": [
            "năm sau"
        ]
    },
    "relative-type-regex": {
        "\\1 day ago": [
            "{0} ngày trước"
        ],
        "\\1 hour ago": [
            "{0} giờ trước"
        ],
        "\\1 minute ago": [
            "{0} phút trước"
        ],
        "\\1 month ago": [
            "{0} tháng trước"
        ],
        "\\1 second ago": [
            "{0} giây trước"
        ],
        "\\1 week ago": [
            "{0} tuần trước"
        ],
        "\\1 year ago": [
            "{0} năm trước"
        ],
        "in \\1 day": [
            "sau {0} ngày nữa"
        ],
        "in \\1 hour": [
            "sau {0} giờ nữa"
        ],
        "in \\1 minute": [
            "sau {0} phút nữa"
        ],
        "in \\1 month": [
            "sau {0} tháng nữa"
        ],
        "in \\1 second": [
            "sau {0} giây nữa"
        ],
        "in \\1 week": [
            "sau {0} tuần nữa"
        ],
        "in \\1 year": [
            "sau {0} năm nữa"
        ]
    },
    "locale_specific": {}
}